"comm_User_id","Request_time","Sharing_Votes","Clicking_Votes","New_Friends_Invite","Activity_id",
"60","2020-05-15 09:17:37","10","7","3","1",
"217","2022-05-01 04:47:57","6","9","3","2",
"11","2020-11-18 18:22:42","7","2","4","3",
"248","2022-12-31 12:22:11","6","10","4","4",
"86","2021-01-19 10:13:16","8","7","10","5",
"297","2022-12-16 05:40:04","10","1","9","6",
"177","2020-03-08 12:17:19","7","9","5","7",
"276","2022-09-06 05:06:38","1","4","3","8",
"75","2022-02-25 00:30:20","2","4","1","9",
"243","2021-10-12 16:41:03","5","6","5","10",
"75","2020-10-03 20:40:09","5","5","3","11",
"283","2022-12-17 18:09:25","9","4","3","12",
"265","2022-05-11 10:26:22","10","7","4","13",
"121","2023-01-24 00:31:01","8","8","6","14",
"61","2022-07-01 16:21:37","3","1","1","15",
"264","2022-10-14 01:43:09","4","8","10","16",
"133","2022-10-07 05:43:52","8","7","1","17",
"200","2021-09-06 12:39:41","1","9","2","18",
"222","2021-07-24 09:09:42","4","4","7","19",
"198","2021-01-04 15:10:26","6","10","5","20",
"203","2020-06-13 21:05:11","3","10","3","21",
"284","2020-05-21 01:06:13","8","3","9","22",
"215","2022-08-22 10:53:50","7","3","4","23",
"67","2021-12-03 17:25:52","9","10","3","24",
"31","2022-10-06 00:47:28","3","2","7","25",
"260","2022-01-15 16:42:48","9","3","8","26",
"68","2021-08-16 19:25:06","10","7","9","27",
"51","2021-05-27 18:41:06","5","9","7","28",
"206","2021-07-21 05:31:10","1","5","3","29",
"291","2020-10-05 08:51:47","5","9","6","30",
"222","2020-08-08 03:09:16","4","2","3","31",
"8","2021-09-02 16:36:27","4","10","3","32",
"275","2022-04-25 06:23:50","2","7","1","33",
"289","2020-10-16 15:02:19","2","6","8","34",
"149","2021-10-11 11:45:53","4","1","1","35",
"260","2020-11-21 19:18:22","7","1","9","36",
"38","2020-05-18 19:34:57","10","1","2","37",
"191","2021-12-19 13:28:02","6","9","9","38",
"79","2021-10-20 18:21:13","9","10","2","39",
"167","2022-12-09 05:32:25","7","4","1","40",
"174","2022-11-18 17:56:16","7","3","7","41",
"288","2020-11-03 19:06:58","8","1","10","42",
"188","2020-04-13 23:31:39","4","9","4","43",
"158","2020-02-26 00:25:20","3","8","6","44",
"195","2022-08-28 00:24:06","10","10","10","45",
"100","2020-06-06 23:16:52","8","7","10","46",
"85","2022-05-03 08:43:20","3","5","9","47",
"121","2021-07-13 12:40:38","1","1","5","48",
"70","2020-11-28 14:53:00","9","1","9","49",
"174","2020-04-29 18:06:03","8","2","6","50",
"26","2020-11-14 11:24:41","10","5","1","51",
"191","2021-07-08 07:56:26","6","2","8","52",
"61","2021-04-15 11:01:53","1","10","3","53",
"59","2022-06-05 06:50:23","6","1","10","54",
"219","2020-07-11 19:12:30","3","4","5","55",
"183","2021-11-13 09:14:54","5","4","5","56",
"237","2020-12-29 11:37:43","5","5","7","57",
"11","2020-10-24 02:57:24","8","10","6","58",
"234","2022-07-08 15:26:00","9","5","6","59",
"189","2021-03-26 12:12:48","10","10","5","60",
"32","2022-12-10 21:35:22","8","7","3","61",
"181","2022-10-02 17:44:06","5","9","3","62",
"139","2023-02-06 07:58:46","10","1","5","63",
"219","2022-10-04 00:00:33","2","5","8","64",
"6","2020-11-16 01:31:53","2","7","8","65",
"127","2020-04-19 11:47:15","4","1","8","66",
"289","2020-07-19 14:09:36","10","2","1","67",
"299","2023-01-02 11:06:12","5","9","8","68",
"236","2023-02-07 08:04:50","8","5","8","69",
"106","2021-12-20 04:09:31","7","9","2","70",
"73","2020-10-01 21:37:38","9","4","5","71",
"246","2021-03-02 01:57:30","3","6","2","72",
"106","2022-01-06 15:26:41","10","1","8","73",
"106","2021-12-22 12:35:27","4","8","4","74",
"295","2022-07-12 05:24:02","5","1","1","75",
"8","2021-06-20 11:58:50","2","1","8","76",
"75","2021-12-10 20:48:52","8","1","5","77",
"59","2023-01-12 14:40:27","1","8","5","78",
"245","2020-07-27 14:08:58","8","8","5","79",
"285","2020-05-19 14:25:51","5","2","4","80",
"159","2022-05-10 15:41:57","10","5","2","81",
"27","2021-03-02 18:50:29","2","2","2","82",
"144","2020-12-09 06:55:04","6","5","7","83",
"2","2023-02-07 06:59:57","10","6","8","84",
"59","2020-09-28 21:50:03","3","1","4","85",
"147","2021-01-15 06:57:15","5","4","10","86",
"82","2021-01-15 08:32:41","2","5","1","87",
"34","2021-04-02 05:47:23","3","4","5","88",
"72","2020-12-22 12:35:50","2","8","8","89",
"10","2022-07-13 13:53:25","6","3","1","90",
"41","2021-07-16 08:05:54","9","5","4","91",
"154","2022-04-13 08:49:22","6","7","2","92",
"134","2021-09-20 07:34:20","4","4","8","93",
"268","2021-03-23 23:13:29","5","6","1","94",
"179","2020-11-14 20:32:45","4","9","10","95",
"128","2020-04-26 10:56:00","6","6","5","96",
"81","2020-08-29 15:49:36","3","1","4","97",
"126","2020-03-17 07:36:29","6","7","3","98",
"279","2020-09-14 09:34:35","6","4","1","99",
"258","2021-02-03 03:03:44","7","10","8","100",
"64","2021-10-28 15:30:45","10","4","7","101",
"114","2021-07-28 02:35:00","2","7","8","102",
"152","2020-10-25 20:10:43","10","5","7","103",
"92","2021-01-20 04:44:14","10","10","10","104",
"148","2021-06-25 23:47:47","6","6","10","105",
"128","2020-07-04 14:14:13","10","3","9","106",
"129","2022-11-07 06:44:37","8","6","5","107",
"272","2022-08-05 09:24:00","8","3","10","108",
"72","2021-01-18 12:37:09","10","7","10","109",
"172","2020-09-19 13:53:40","10","5","8","110",
"38","2020-10-09 01:35:55","2","6","3","111",
"165","2022-08-27 11:10:46","9","4","7","112",
"43","2020-12-02 05:47:10","4","9","2","113",
"73","2022-01-31 18:20:15","8","8","3","114",
"196","2022-12-22 23:59:13","6","7","1","115",
"6","2021-04-11 15:26:19","5","2","10","116",
"62","2020-05-04 15:02:54","2","5","10","117",
"119","2020-10-29 07:19:25","4","2","4","118",
"51","2020-10-26 22:32:02","7","3","1","119",
"194","2023-02-07 16:46:19","1","1","6","120",
"12","2023-01-04 14:22:14","7","4","4","121",
"73","2022-09-09 01:31:23","9","2","10","122",
"15","2021-12-20 08:37:20","4","2","5","123",
"12","2021-06-23 19:01:46","7","7","7","124",
"269","2022-12-27 23:04:51","10","10","2","125",
"53","2022-11-01 20:08:21","3","1","3","126",
"225","2020-08-17 00:12:20","3","3","3","127",
"224","2021-05-10 04:44:19","1","5","9","128",
"146","2021-04-25 14:08:42","6","4","4","129",
"39","2022-11-02 13:58:59","10","9","5","130",
"217","2021-01-11 16:18:01","3","9","5","131",
"125","2020-08-03 08:45:56","2","2","9","132",
"262","2021-03-20 19:02:32","2","2","7","133",
"34","2021-11-27 12:08:53","9","5","5","134",
"269","2020-03-31 13:26:50","1","4","9","135",
"69","2022-04-15 20:10:13","10","2","2","136",
"18","2023-01-23 15:06:30","2","1","2","137",
"114","2020-06-20 10:33:52","8","7","6","138",
"63","2021-03-08 17:10:16","9","4","4","139",
"42","2022-05-18 13:05:51","5","9","4","140",
"134","2020-07-15 09:53:31","6","7","4","141",
"81","2022-07-21 16:35:45","6","8","4","142",
"73","2020-02-24 22:34:28","7","7","1","143",
"114","2021-06-15 05:42:09","3","1","10","144",
"275","2020-09-01 08:24:30","5","1","4","145",
"268","2022-12-14 11:19:03","9","2","8","146",
"232","2020-03-08 20:20:29","7","8","5","147",
"72","2022-10-20 15:40:00","2","7","6","148",
"225","2020-08-20 18:32:31","3","5","3","149",
"110","2021-06-15 20:47:10","4","10","9","150",
"72","2020-07-05 07:16:00","8","8","1","151",
"193","2020-12-04 18:05:15","5","4","5","152",
"47","2020-07-15 19:56:32","9","7","10","153",
"174","2021-07-04 17:36:54","4","10","5","154",
"20","2021-04-05 22:56:50","1","4","8","155",
"109","2021-03-29 16:32:18","5","3","7","156",
"283","2020-05-05 01:40:38","8","6","7","157",
"204","2021-01-04 11:29:12","6","1","10","158",
"295","2021-03-17 01:18:38","4","6","7","159",
"29","2020-07-06 05:14:04","2","3","7","160",
"295","2022-05-22 16:55:12","4","8","1","161",
"252","2021-07-20 10:36:21","6","9","7","162",
"50","2022-07-31 09:38:46","5","1","10","163",
"102","2021-07-26 23:06:38","6","6","1","164",
"142","2023-01-22 11:35:59","5","8","9","165",
"146","2020-11-28 05:59:47","6","8","8","166",
"200","2022-09-09 20:59:52","5","5","10","167",
"28","2020-05-03 15:29:38","6","6","3","168",
"279","2021-12-03 07:29:13","8","5","2","169",
"151","2021-05-16 12:02:18","4","8","4","170",
"118","2020-12-15 23:33:59","5","5","4","171",
"220","2022-12-16 00:14:45","8","1","4","172",
"111","2021-09-29 04:05:04","10","10","5","173",
"101","2022-01-30 10:51:35","5","8","2","174",
"165","2022-08-19 07:19:05","5","8","8","175",
"153","2020-06-24 20:09:37","3","5","3","176",
"50","2020-03-09 16:06:56","8","9","9","177",
"294","2022-10-19 13:23:19","10","10","9","178",
"71","2022-02-02 23:42:27","8","8","4","179",
"115","2022-01-21 21:24:03","5","5","2","180",
"65","2022-08-12 06:14:37","8","6","1","181",
"158","2020-06-05 15:23:15","5","10","4","182",
"150","2021-06-11 05:11:58","1","9","3","183",
"225","2023-01-09 11:04:35","1","9","1","184",
"1","2020-07-25 09:19:43","9","5","1","185",
"269","2022-04-17 00:18:06","10","2","1","186",
"254","2022-07-01 07:33:45","4","7","7","187",
"130","2022-11-29 23:13:16","2","6","1","188",
"161","2020-10-03 23:53:46","3","6","1","189",
"246","2020-08-01 02:43:54","6","2","7","190",
"32","2021-12-01 18:15:19","1","2","5","191",
"121","2022-09-16 17:40:38","5","8","7","192",
"222","2022-05-08 22:07:43","2","2","5","193",
"55","2021-12-02 19:43:28","6","8","8","194",
"274","2020-11-11 04:41:37","1","8","8","195",
"214","2021-03-14 19:02:58","10","3","10","196",
"226","2020-04-29 03:08:01","2","7","8","197",
"12","2021-10-19 10:06:38","10","6","2","198",
"93","2022-07-23 02:35:23","10","4","10","199",
"164","2022-10-27 13:13:53","4","2","2","200",
"155","2021-08-12 20:13:49","1","1","8","201",
"151","2023-01-10 22:34:40","1","9","4","202",
"165","2020-05-26 00:43:44","5","8","8","203",
"152","2020-06-19 12:50:43","10","3","4","204",
"250","2020-11-15 13:58:48","3","10","10","205",
"256","2022-04-23 13:21:49","9","8","2","206",
"109","2021-09-22 05:09:17","9","5","10","207",
"294","2022-03-26 14:04:48","8","4","2","208",
"212","2020-09-16 12:14:29","4","8","6","209",
"80","2021-07-15 14:06:37","2","9","10","210",
"254","2020-08-01 10:15:09","4","3","9","211",
"187","2021-11-02 02:27:35","2","10","8","212",
"236","2021-05-05 23:59:26","8","8","6","213",
"209","2022-12-08 20:44:58","6","2","8","214",
"171","2021-05-14 14:39:45","6","3","1","215",
"85","2022-12-10 04:27:51","2","9","8","216",
"90","2021-11-05 19:32:57","2","3","6","217",
"142","2021-06-13 07:07:53","6","10","6","218",
"193","2021-07-09 03:26:09","10","2","9","219",
"142","2021-09-27 07:25:16","5","9","3","220",
"288","2020-12-31 15:25:44","10","3","10","221",
"273","2022-12-29 03:52:43","1","9","10","222",
"70","2022-12-06 08:41:05","1","7","4","223",
"199","2022-04-30 15:16:27","1","8","6","224",
"267","2022-03-11 08:26:53","10","10","2","225",
"261","2021-08-08 15:42:28","6","1","1","226",
"130","2021-05-06 18:38:09","4","2","2","227",
"124","2022-03-29 23:32:57","4","4","5","228",
"164","2021-01-12 08:44:28","9","9","5","229",
"216","2022-10-02 12:35:39","7","5","6","230",
"167","2022-06-28 18:02:13","4","5","3","231",
"72","2023-02-14 08:48:59","1","3","1","232",
"175","2022-08-13 11:53:24","6","2","6","233",
"285","2020-11-17 06:28:43","6","8","6","234",
"87","2020-11-01 21:27:47","1","1","2","235",
"196","2020-05-14 06:27:49","7","9","9","236",
"165","2021-07-02 02:43:57","3","1","4","237",
"55","2020-05-26 08:30:26","8","3","8","238",
"98","2021-07-25 02:26:54","3","7","7","239",
"272","2020-05-18 04:15:00","6","10","8","240",
"151","2020-12-16 18:17:31","4","2","6","241",
"123","2020-05-05 20:12:41","1","5","2","242",
"270","2021-10-06 02:01:36","6","2","3","243",
"221","2022-06-14 19:09:31","4","8","1","244",
"173","2021-07-21 05:31:16","10","10","3","245",
"229","2020-03-12 05:29:41","6","8","8","246",
"297","2022-05-21 06:02:24","10","2","1","247",
"289","2021-03-26 19:17:02","7","3","10","248",
"81","2022-09-26 08:53:22","4","10","4","249",
"260","2022-01-30 09:07:34","4","1","1","250",
"79","2022-05-19 03:11:58","3","1","5","251",
"23","2020-06-17 06:26:14","1","2","8","252",
"88","2021-11-09 15:06:08","5","9","4","253",
"97","2021-09-20 02:46:59","6","5","8","254",
"237","2022-01-15 01:32:15","6","10","2","255",
"233","2022-02-07 03:33:05","7","4","8","256",
"140","2022-08-05 11:35:56","7","3","4","257",
"297","2023-02-07 21:08:47","6","1","3","258",
"163","2023-01-06 17:57:59","1","8","6","259",
"283","2022-04-01 01:41:13","8","8","7","260",
"44","2022-05-27 12:17:16","6","9","9","261",
"147","2022-02-01 14:03:24","8","2","9","262",
"113","2022-08-31 18:49:43","2","5","5","263",
"271","2022-04-28 21:21:26","6","7","8","264",
"8","2021-01-18 14:32:15","6","4","8","265",
"294","2020-07-26 04:09:59","2","9","1","266",
"44","2020-02-19 12:05:42","2","5","5","267",
"283","2021-05-26 22:18:07","2","2","1","268",
"192","2021-10-27 01:16:15","2","10","2","269",
"85","2020-06-15 09:02:05","9","4","9","270",
"263","2022-10-31 10:48:57","7","1","3","271",
"148","2023-02-07 18:21:33","2","10","9","272",
"98","2022-07-21 18:23:11","4","1","2","273",
"70","2021-08-28 04:51:52","3","8","3","274",
"234","2022-10-20 05:34:01","3","7","2","275",
"89","2021-01-19 14:30:11","7","5","9","276",
"140","2021-10-14 17:46:26","8","9","6","277",
"194","2020-11-07 17:26:18","9","3","7","278",
"288","2022-08-27 07:59:32","5","6","8","279",
"117","2023-01-10 12:37:59","5","7","9","280",
"295","2021-06-25 08:59:19","9","8","7","281",
"90","2020-07-17 16:52:00","2","8","2","282",
"29","2021-11-29 01:23:14","2","3","5","283",
"285","2022-10-10 14:17:51","6","4","1","284",
"33","2020-03-17 20:00:47","9","9","1","285",
"21","2022-06-17 10:44:56","1","8","1","286",
"10","2021-12-01 04:56:30","10","10","3","287",
"109","2022-04-03 22:31:43","1","3","3","288",
"267","2020-05-23 14:57:02","1","3","9","289",
"167","2022-02-27 03:05:42","1","8","1","290",
"106","2022-08-20 22:51:57","9","5","8","291",
"215","2021-07-19 20:44:12","1","10","3","292",
"195","2022-06-19 03:21:09","7","9","10","293",
"167","2021-11-15 14:31:41","4","5","3","294",
"234","2021-07-03 14:56:06","9","4","10","295",
"274","2021-11-30 15:05:06","8","2","1","296",
"162","2022-05-12 13:59:59","8","2","2","297",
"203","2020-08-19 10:38:13","7","4","3","298",
"18","2021-09-17 10:52:59","3","7","5","299",
"98","2022-05-27 03:23:16","10","2","2","300",
"241","2020-03-20 14:59:07","2","8","3","301",
"247","2022-04-04 05:18:15","7","2","9","302",
"8","2022-09-09 16:26:41","3","10","6","303",
"78","2021-08-14 13:37:28","9","2","2","304",
"233","2020-07-02 17:51:37","5","1","2","305",
"186","2020-12-04 22:42:02","6","2","4","306",
"37","2022-01-16 03:11:39","7","6","2","307",
"8","2020-06-09 20:02:45","7","10","7","308",
"296","2021-06-01 06:51:32","3","2","3","309",
"12","2022-05-21 04:44:31","4","3","4","310",
"293","2021-09-26 07:09:33","2","4","5","311",
"205","2020-09-08 11:57:18","1","4","7","312",
"192","2020-05-15 10:25:26","3","1","10","313",
"47","2020-10-24 23:59:56","7","3","8","314",
"127","2022-02-17 14:03:17","3","3","7","315",
"52","2021-12-06 17:14:43","2","7","10","316",
"196","2021-04-04 02:38:49","6","10","2","317",
"146","2020-08-27 16:40:25","6","10","4","318",
"163","2022-09-19 17:00:45","1","5","10","319",
"6","2022-07-11 02:18:43","2","8","3","320",
"198","2021-09-06 21:19:18","7","9","6","321",
"182","2021-08-20 16:11:06","8","8","10","322",
"226","2021-12-26 16:18:57","5","9","5","323",
"232","2022-07-09 15:46:51","6","7","3","324",
"267","2022-09-19 06:09:05","8","10","3","325",
"61","2022-12-03 11:45:45","10","2","10","326",
"94","2022-03-29 13:03:02","9","4","2","327",
"4","2020-11-24 18:37:46","1","2","8","328",
"285","2020-10-04 12:17:42","3","4","10","329",
"127","2022-12-17 17:53:01","4","4","9","330",
"39","2022-08-14 20:58:49","10","2","1","331",
"16","2022-07-29 11:56:13","10","6","10","332",
"174","2021-08-07 18:25:59","9","2","1","333",
"183","2022-11-17 23:04:37","10","8","3","334",
"180","2022-09-22 09:17:47","7","7","9","335",
"42","2020-12-14 03:53:06","5","3","9","336",
"189","2022-05-25 15:52:16","7","4","2","337",
"72","2020-11-09 18:54:51","6","8","5","338",
"197","2022-11-22 18:18:58","8","4","5","339",
"62","2020-11-06 00:12:24","10","6","3","340",
"116","2021-07-09 01:13:44","6","4","3","341",
"205","2021-08-19 17:46:50","7","1","7","342",
"280","2021-09-18 15:11:58","8","3","1","343",
"95","2020-07-14 17:28:09","1","3","4","344",
"47","2020-08-01 06:28:53","3","3","9","345",
"99","2020-05-14 16:34:08","6","2","10","346",
"89","2020-12-08 04:18:16","1","5","2","347",
"272","2020-07-20 02:05:49","3","7","1","348",
"188","2022-10-05 02:17:05","10","8","8","349",
"12","2022-12-13 15:28:11","8","1","10","350",
"64","2022-07-19 12:00:45","6","2","5","351",
"187","2021-06-10 16:06:23","10","10","4","352",
"118","2022-01-27 16:59:45","6","8","2","353",
"59","2022-12-29 13:24:46","8","4","9","354",
"81","2022-06-21 20:30:33","5","9","7","355",
"62","2020-12-14 10:04:34","5","2","9","356",
"260","2021-09-30 09:16:02","3","1","10","357",
"156","2021-01-23 12:39:58","1","10","1","358",
"202","2022-10-27 01:13:48","10","9","7","359",
"222","2022-08-04 12:31:52","9","9","10","360",
"218","2020-12-05 00:12:53","2","3","3","361",
"284","2022-12-27 17:22:03","8","5","3","362",
"42","2022-02-27 15:57:29","5","9","5","363",
"69","2022-06-13 09:58:50","2","7","4","364",
"223","2022-01-15 00:34:16","10","2","4","365",
"122","2020-06-08 09:11:06","7","2","10","366",
"44","2023-01-07 13:20:41","6","9","7","367",
"93","2020-12-24 18:21:05","2","8","1","368",
"50","2021-05-05 07:57:41","4","7","6","369",
"24","2022-07-03 18:15:27","2","2","3","370",
"47","2021-03-23 12:22:30","10","3","7","371",
"268","2022-05-07 00:36:44","3","3","2","372",
"200","2022-04-25 19:34:10","3","5","4","373",
"181","2020-09-02 02:44:20","1","2","6","374",
"165","2020-12-06 22:32:35","8","7","8","375",
"97","2020-02-19 00:45:08","6","10","5","376",
"283","2020-12-03 15:29:40","10","7","9","377",
"54","2020-10-23 23:14:12","6","7","7","378",
"3","2020-04-18 14:47:22","8","5","2","379",
"182","2020-12-08 18:59:54","9","7","5","380",
"40","2023-02-11 21:20:23","4","2","1","381",
"41","2021-08-31 00:37:08","2","4","3","382",
"207","2022-11-23 15:07:31","2","10","7","383",
"12","2020-10-18 19:25:08","4","2","5","384",
"240","2021-12-21 05:41:17","6","3","4","385",
"224","2020-08-22 16:07:36","9","4","7","386",
"63","2020-09-09 14:03:24","6","9","1","387",
"251","2020-10-19 01:27:52","9","10","2","388",
"187","2022-01-21 14:17:50","1","4","4","389",
"16","2021-06-08 07:46:28","3","7","1","390",
"31","2021-02-10 04:47:50","1","7","7","391",
"106","2022-08-31 06:58:38","8","6","4","392",
"135","2021-07-08 14:07:26","6","7","8","393",
"112","2020-04-21 13:19:05","4","7","2","394",
"35","2022-12-10 02:58:16","1","7","8","395",
"154","2020-10-07 23:10:35","7","8","5","396",
"124","2021-10-16 16:17:48","7","5","7","397",
"297","2020-06-18 13:44:44","5","4","8","398",
"21","2020-09-13 16:29:14","2","2","6","399",
"294","2022-09-19 10:51:30","10","3","8","400",
"159","2022-10-24 13:08:58","9","5","9","401",
"264","2020-05-09 10:45:28","7","9","10","402",
"154","2021-04-25 01:33:50","6","4","9","403",
"136","2022-03-07 20:57:53","8","2","7","404",
"160","2021-09-09 05:02:08","3","5","3","405",
"219","2022-10-23 22:09:32","4","5","2","406",
"18","2020-12-30 01:03:03","3","4","3","407",
"86","2022-05-12 04:17:52","8","6","9","408",
"83","2021-01-07 02:43:50","7","6","9","409",
"167","2020-05-08 12:30:18","6","6","2","410",
"20","2020-05-16 21:06:42","10","9","1","411",
"150","2021-10-29 10:12:32","3","1","10","412",
"68","2020-11-20 14:20:48","10","7","7","413",
"72","2022-05-22 14:34:32","2","2","4","414",
"286","2021-07-05 23:15:28","6","2","8","415",
"184","2020-02-28 07:23:11","10","5","3","416",
"57","2021-01-20 06:19:34","4","5","9","417",
"207","2020-03-06 14:40:41","9","6","2","418",
"53","2022-04-14 16:33:25","9","8","5","419",
"94","2021-06-07 08:40:12","2","4","10","420",
"162","2022-11-05 01:25:06","8","1","10","421",
"173","2021-06-21 11:42:22","2","8","5","422",
"87","2021-08-24 17:15:17","9","8","10","423",
"68","2020-04-30 16:36:09","1","2","7","424",
"299","2021-07-01 22:33:58","10","8","1","425",
"205","2020-08-08 16:54:20","4","2","3","426",
"170","2021-10-03 20:08:49","3","6","6","427",
"191","2021-09-19 00:06:15","5","4","7","428",
"34","2020-11-10 08:09:05","6","7","7","429",
"110","2021-10-18 16:26:51","5","3","3","430",
"23","2020-07-04 21:24:35","10","3","6","431",
"206","2020-07-13 15:40:02","4","9","3","432",
"87","2021-05-04 03:44:23","3","9","9","433",
"63","2020-12-28 18:39:03","2","5","3","434",
"166","2022-01-18 11:14:02","6","2","4","435",
"4","2021-01-24 02:09:54","1","4","6","436",
"205","2020-04-08 19:40:14","3","5","1","437",
"9","2022-07-04 18:02:33","2","6","3","438",
"223","2022-09-28 08:51:15","6","9","10","439",
"211","2020-08-02 13:29:17","2","2","10","440",
"11","2020-12-28 11:18:28","1","8","2","441",
"74","2021-07-02 00:22:53","9","4","8","442",
"74","2021-05-20 16:51:21","9","4","3","443",
"271","2022-09-14 22:17:37","10","4","1","444",
"224","2020-05-22 18:45:34","5","9","6","445",
"17","2020-03-13 13:42:50","2","5","9","446",
"275","2022-12-02 23:37:50","5","3","1","447",
"84","2020-07-03 08:23:53","6","6","2","448",
"52","2020-05-13 22:02:57","9","10","6","449",
"111","2021-07-25 03:38:46","8","4","2","450",
"8","2022-10-09 07:50:00","9","10","6","451",
"103","2021-05-13 13:29:16","4","8","2","452",
"102","2021-04-20 21:02:34","6","1","9","453",
"207","2022-09-16 13:28:49","4","7","5","454",
"105","2020-10-30 06:08:08","8","7","5","455",
"110","2022-03-16 18:42:41","8","8","8","456",
"34","2020-07-21 21:40:03","6","1","8","457",
"145","2020-05-13 01:50:26","3","6","2","458",
"218","2022-05-01 12:38:58","9","5","5","459",
"130","2022-05-27 21:31:01","6","8","7","460",
"194","2020-11-09 21:42:36","3","7","6","461",
"164","2021-07-25 14:25:33","9","10","4","462",
"207","2023-01-21 13:49:10","6","2","9","463",
"165","2020-11-05 13:30:16","4","6","9","464",
"133","2023-01-11 12:22:01","3","5","10","465",
"231","2021-10-07 22:58:14","7","3","10","466",
"239","2020-11-29 06:49:25","9","5","7","467",
"108","2022-03-14 06:12:28","3","7","2","468",
"125","2021-11-05 00:01:04","10","5","5","469",
"110","2020-11-19 18:13:09","8","4","1","470",
"258","2020-08-31 21:30:19","4","9","5","471",
"12","2020-10-19 20:35:50","6","9","6","472",
"197","2022-04-25 10:09:00","6","6","6","473",
"18","2020-10-23 09:10:56","6","2","8","474",
"257","2020-05-27 01:17:38","8","10","7","475",
"56","2021-10-05 13:05:45","4","2","1","476",
"3","2022-05-02 11:15:31","4","8","4","477",
"269","2022-01-18 00:10:45","10","2","7","478",
"200","2022-03-22 22:16:40","1","2","8","479",
"159","2021-09-01 15:57:28","5","10","9","480",
"75","2022-11-28 08:49:35","2","8","8","481",
"266","2020-08-21 10:32:44","4","2","9","482",
"272","2020-10-01 03:18:52","8","2","8","483",
"254","2020-03-15 23:23:52","10","6","7","484",
"154","2022-02-24 08:48:11","2","9","3","485",
"135","2020-06-13 01:14:34","8","2","5","486",
"175","2021-10-14 11:02:52","9","8","3","487",
"188","2020-12-31 00:22:28","6","1","3","488",
"115","2022-10-23 05:53:47","8","8","7","489",
"272","2021-07-02 00:15:33","6","6","7","490",
"72","2020-03-05 03:18:11","7","5","8","491",
"292","2022-05-02 17:01:57","2","5","3","492",
"63","2021-09-07 21:57:28","7","8","1","493",
"240","2021-09-08 10:47:22","4","2","3","494",
"49","2021-07-22 10:31:17","10","8","6","495",
"285","2020-09-01 07:02:53","3","6","1","496",
"112","2023-01-31 04:33:17","6","1","1","497",
"141","2020-07-05 16:05:59","4","10","3","498",
"256","2020-06-01 14:53:34","6","2","5","499",
"5","2022-07-13 15:40:39","1","5","4","500",
"199","2022-08-21 02:15:47","2","4","1","501",
"132","2021-03-10 13:06:34","6","9","4","502",
"229","2021-03-26 19:44:40","4","7","5","503",
"52","2022-11-27 12:05:06","9","9","4","504",
"38","2022-06-10 22:02:24","8","6","9","505",
"138","2021-05-14 01:19:50","10","8","1","506",
"182","2022-11-22 17:02:36","9","2","6","507",
"75","2020-11-28 09:28:48","3","3","7","508",
"270","2022-01-15 17:46:34","5","6","5","509",
"164","2023-02-10 02:18:13","8","5","9","510",
"161","2023-01-05 01:22:21","3","7","7","511",
"238","2022-10-09 02:15:49","1","4","2","512",
"134","2020-07-26 18:59:17","3","5","5","513",
"130","2021-12-26 12:08:51","5","9","3","514",
"85","2020-10-16 07:08:19","10","3","7","515",
"3","2022-06-12 19:57:40","6","2","2","516",
"292","2020-03-13 23:04:22","5","9","4","517",
"273","2020-12-04 08:09:56","2","7","7","518",
"109","2021-08-26 14:30:31","4","5","10","519",
"59","2021-02-09 18:45:39","7","9","2","520",
"286","2021-05-21 07:00:31","10","9","7","521",
"11","2020-02-22 18:57:22","8","2","5","522",
"229","2020-09-24 10:43:08","9","9","4","523",
"179","2022-01-21 07:49:25","4","1","6","524",
"273","2022-09-24 17:28:40","8","10","7","525",
"154","2022-10-19 03:01:08","9","5","3","526",
"277","2022-09-24 22:49:44","3","1","9","527",
"294","2020-05-12 20:10:25","3","1","5","528",
"235","2020-06-14 17:20:58","10","7","6","529",
"258","2021-02-13 10:46:19","10","4","4","530",
"282","2020-11-23 05:33:49","6","2","10","531",
"290","2020-06-12 14:10:07","3","9","7","532",
"59","2020-10-06 02:31:20","4","4","7","533",
"60","2021-07-02 20:12:46","5","9","4","534",
"266","2022-03-23 19:33:58","4","1","4","535",
"48","2021-06-18 22:53:26","10","2","2","536",
"185","2022-04-25 07:06:04","9","5","1","537",
"28","2020-11-20 07:39:31","2","9","4","538",
"190","2021-03-10 17:18:56","6","2","3","539",
"264","2021-04-11 02:01:48","5","4","9","540",
"293","2020-07-02 16:08:26","6","6","3","541",
"151","2022-09-06 05:21:15","10","8","9","542",
"70","2022-05-13 08:22:54","5","7","9","543",
"63","2021-12-19 16:20:57","2","5","9","544",
"65","2021-05-30 03:34:50","2","5","10","545",
"235","2021-05-12 19:45:44","9","4","9","546",
"238","2023-02-03 02:24:19","8","1","7","547",
"26","2022-11-21 04:11:20","4","4","1","548",
"20","2021-08-13 19:03:50","5","2","7","549",
"125","2022-09-10 06:49:49","9","1","5","550",
"160","2020-03-09 15:40:52","5","6","1","551",
"57","2022-04-11 01:09:47","3","2","7","552",
"27","2021-02-28 01:43:39","7","9","7","553",
"92","2022-12-28 02:57:13","1","6","7","554",
"300","2022-02-22 16:59:23","2","5","5","555",
"135","2021-07-28 05:39:49","4","9","4","556",
"214","2021-03-16 06:34:55","5","10","10","557",
"8","2022-08-28 06:20:44","10","3","3","558",
"98","2020-05-23 03:42:07","9","1","8","559",
"141","2021-06-17 20:34:40","6","9","2","560",
"55","2020-12-08 11:51:13","1","9","3","561",
"116","2020-09-10 18:04:42","10","2","4","562",
"286","2022-05-12 08:50:51","4","2","5","563",
"38","2022-09-15 06:42:44","8","9","4","564",
"175","2022-11-01 23:06:29","4","8","9","565",
"94","2022-07-21 14:49:31","7","3","3","566",
"136","2022-07-16 12:58:01","4","8","10","567",
"285","2021-11-08 06:36:25","1","3","5","568",
"256","2023-01-21 14:58:25","1","7","8","569",
"71","2022-05-28 10:11:14","10","5","8","570",
"233","2022-01-04 04:24:15","1","8","4","571",
"33","2021-03-07 08:18:34","6","1","9","572",
"279","2020-06-30 05:24:41","4","9","2","573",
"119","2021-07-02 06:26:45","4","4","1","574",
"118","2021-12-24 05:27:44","10","3","1","575",
"283","2022-02-25 04:22:53","2","8","2","576",
"139","2021-06-04 22:09:55","4","2","5","577",
"101","2021-07-08 16:29:59","9","2","4","578",
"147","2021-06-24 03:58:00","6","4","4","579",
"129","2022-07-06 14:14:51","1","5","1","580",
"105","2022-10-10 05:13:08","1","5","1","581",
"223","2020-06-07 18:30:25","2","7","7","582",
"102","2022-04-19 00:27:31","2","1","3","583",
"271","2021-12-29 16:23:12","2","3","1","584",
"74","2020-10-19 07:00:07","7","7","6","585",
"169","2021-04-21 06:11:21","3","9","10","586",
"73","2023-01-12 16:54:38","4","4","7","587",
"37","2022-01-17 10:35:17","8","4","4","588",
"145","2021-05-15 02:33:58","4","10","3","589",
"126","2022-08-15 05:40:53","9","2","1","590",
"37","2020-03-07 21:00:12","6","8","10","591",
"212","2022-09-20 06:30:58","7","5","9","592",
"91","2020-04-05 11:43:16","6","8","8","593",
"248","2020-07-09 04:10:44","3","5","4","594",
"168","2020-02-16 21:27:00","1","7","8","595",
"206","2023-02-06 02:17:17","2","8","8","596",
"204","2021-09-26 00:50:04","4","7","1","597",
"68","2021-07-29 06:42:30","5","5","8","598",
"80","2021-03-10 11:33:57","3","2","7","599",
"127","2022-09-29 18:46:51","5","1","7","600",
"66","2021-08-24 17:41:38","1","7","8","601",
"211","2022-04-23 19:48:33","10","5","8","602",
"18","2022-06-20 22:21:38","7","9","6","603",
"188","2021-08-31 14:35:04","10","4","6","604",
"226","2020-06-25 13:21:15","3","4","7","605",
"97","2021-08-29 05:41:15","3","9","7","606",
"120","2022-04-30 08:59:12","2","7","9","607",
"25","2022-08-22 18:21:40","3","10","8","608",
"60","2022-12-31 00:55:19","7","4","10","609",
"103","2020-12-10 12:44:24","2","3","1","610",
"213","2020-03-02 02:31:18","7","7","9","611",
"73","2021-07-31 08:58:51","8","3","8","612",
"89","2022-12-25 18:17:25","2","1","8","613",
"65","2022-09-18 03:36:17","9","5","8","614",
"44","2020-12-15 04:50:13","2","6","5","615",
"282","2020-03-09 17:11:30","7","7","5","616",
"250","2022-01-27 21:47:54","2","6","1","617",
"243","2022-10-10 08:03:38","5","8","3","618",
"28","2021-04-28 07:01:43","10","8","7","619",
"259","2021-11-05 03:56:19","2","5","7","620",
"15","2020-06-29 11:51:07","5","8","4","621",
"241","2021-12-04 16:10:28","9","1","3","622",
"172","2021-06-08 04:18:40","3","2","10","623",
"17","2021-01-24 10:50:12","2","6","3","624",
"229","2020-07-04 01:01:27","1","3","1","625",
"71","2022-10-15 14:19:31","5","2","6","626",
"19","2022-04-07 01:41:40","2","4","7","627",
"157","2021-02-15 17:06:57","8","10","2","628",
"255","2022-10-05 04:28:06","9","2","7","629",
"106","2021-03-26 10:44:23","1","3","9","630",
"242","2021-05-06 20:55:29","3","6","10","631",
"91","2022-12-26 02:01:05","10","6","2","632",
"241","2022-08-23 05:17:01","10","3","5","633",
"39","2022-03-30 23:59:49","4","1","6","634",
"133","2023-01-19 13:06:36","2","5","10","635",
"244","2021-11-27 02:46:47","4","7","2","636",
"29","2021-09-26 08:34:29","10","2","5","637",
"273","2020-05-04 12:33:07","3","10","8","638",
"213","2022-12-22 00:49:57","4","10","5","639",
"213","2021-05-29 08:00:17","6","6","2","640",
"210","2020-11-07 09:00:51","2","4","8","641",
"219","2022-11-08 20:58:58","1","1","2","642",
"222","2022-07-19 21:31:13","2","8","8","643",
"296","2020-07-03 14:19:33","5","7","10","644",
"275","2021-10-01 13:40:39","6","2","4","645",
"254","2022-07-19 12:12:54","1","2","4","646",
"209","2023-01-12 06:05:58","8","2","6","647",
"188","2020-10-21 14:21:51","2","3","8","648",
"116","2021-11-13 02:20:59","2","10","8","649",
"111","2021-05-28 04:27:55","5","4","8","650",
"109","2022-08-02 10:46:45","1","3","5","651",
"72","2021-10-14 05:13:22","10","7","9","652",
"241","2023-02-05 02:16:52","1","9","7","653",
"33","2021-08-30 13:40:15","8","3","9","654",
"212","2021-10-21 00:29:16","4","10","2","655",
"91","2020-04-02 14:55:29","4","7","9","656",
"60","2021-09-30 15:46:24","6","10","6","657",
"97","2021-09-27 00:42:00","10","6","9","658",
"5","2022-10-18 06:19:13","10","2","9","659",
"54","2021-08-25 11:55:06","4","4","5","660",
"22","2022-10-22 19:03:47","7","2","3","661",
"179","2020-07-31 18:16:54","9","2","1","662",
"190","2021-08-03 17:54:42","3","2","4","663",
"111","2022-08-03 20:40:59","10","5","8","664",
"4","2022-04-15 03:35:45","7","10","3","665",
"221","2021-01-22 05:34:14","9","8","2","666",
"300","2021-08-12 22:37:13","10","8","8","667",
"34","2022-01-13 02:30:19","1","9","1","668",
"181","2020-02-29 16:27:03","3","9","1","669",
"222","2020-07-10 13:51:30","10","4","4","670",
"53","2020-09-28 18:08:08","8","6","6","671",
"83","2022-07-28 04:27:16","8","6","1","672",
"142","2021-05-06 14:54:55","4","10","6","673",
"211","2020-07-03 22:23:16","8","6","6","674",
"115","2021-10-29 14:20:38","2","6","6","675",
"179","2020-07-27 04:24:31","10","3","5","676",
"47","2021-01-15 12:32:06","3","6","1","677",
"94","2021-05-22 01:21:04","8","8","10","678",
"249","2022-11-19 20:04:17","3","8","6","679",
"281","2021-04-28 09:35:19","4","10","6","680",
"31","2022-07-31 12:20:06","3","9","7","681",
"75","2021-06-25 08:30:37","5","9","7","682",
"80","2020-06-11 15:10:29","6","6","2","683",
"266","2021-04-16 10:03:14","8","2","6","684",
"271","2021-11-02 10:52:05","5","7","2","685",
"25","2022-11-01 19:48:20","4","7","3","686",
"61","2020-06-17 00:24:07","5","6","2","687",
"53","2020-06-01 15:37:19","8","10","10","688",
"222","2022-07-20 11:44:42","8","6","1","689",
"42","2020-10-03 15:40:57","1","10","8","690",
"63","2022-09-14 05:15:35","2","10","1","691",
"115","2022-05-13 17:21:24","9","7","9","692",
"260","2021-10-14 10:55:23","4","5","2","693",
"106","2021-07-04 09:17:57","8","7","5","694",
"50","2020-03-25 12:59:16","9","10","10","695",
"28","2022-08-26 19:47:10","7","10","8","696",
"144","2020-08-03 03:46:59","4","8","5","697",
"280","2020-10-06 19:37:32","7","6","6","698",
"186","2021-12-25 11:47:15","7","5","7","699",
"283","2021-07-21 21:05:19","7","4","6","700",
"294","2021-12-28 15:07:02","5","1","2","701",
"150","2022-08-06 07:52:02","8","4","4","702",
"293","2021-12-08 07:17:05","3","10","4","703",
"149","2021-06-08 15:15:57","7","5","8","704",
"242","2021-09-28 17:43:50","1","7","5","705",
"67","2020-12-23 07:38:25","7","4","10","706",
"213","2020-07-22 07:58:23","2","1","8","707",
"278","2020-05-11 21:52:22","8","5","9","708",
"110","2020-10-14 05:50:50","8","3","5","709",
"70","2021-11-29 11:59:36","4","8","8","710",
"94","2021-02-10 02:46:58","9","7","2","711",
"247","2022-02-03 02:02:26","5","6","1","712",
"250","2020-10-01 17:48:33","8","4","10","713",
"237","2021-04-21 08:34:39","4","8","1","714",
"112","2020-10-28 12:11:35","1","2","8","715",
"205","2022-08-11 01:21:39","2","9","8","716",
"36","2021-04-30 20:41:48","8","8","1","717",
"126","2021-01-30 22:20:27","10","8","9","718",
"271","2021-02-19 19:40:09","3","8","1","719",
"5","2022-10-22 08:23:15","6","2","8","720",
"289","2020-03-13 13:34:19","7","3","7","721",
"125","2020-12-13 12:19:46","9","2","9","722",
"293","2021-08-24 01:45:20","1","4","9","723",
"199","2021-04-11 13:00:35","4","6","9","724",
"114","2020-09-14 11:35:40","3","7","3","725",
"63","2020-10-10 01:14:36","4","1","3","726",
"105","2021-05-06 14:04:48","4","4","2","727",
"223","2022-10-10 12:59:23","5","9","3","728",
"56","2021-11-30 14:31:49","10","3","8","729",
"35","2021-11-09 23:58:46","7","7","10","730",
"13","2021-10-16 11:09:53","6","4","2","731",
"163","2022-11-08 04:07:29","8","3","6","732",
"149","2021-12-09 21:25:08","4","1","10","733",
"107","2021-10-24 17:11:08","4","4","5","734",
"204","2022-10-11 03:13:00","5","2","6","735",
"262","2022-04-28 04:10:43","6","1","2","736",
"235","2020-04-11 18:25:38","1","6","10","737",
"277","2020-04-09 09:28:49","4","7","10","738",
"52","2021-05-21 14:47:10","9","8","6","739",
"247","2020-05-26 19:41:56","2","6","10","740",
"208","2022-11-29 05:05:40","9","2","9","741",
"300","2023-01-27 02:28:40","5","4","9","742",
"100","2022-05-04 17:33:36","5","4","8","743",
"46","2022-08-30 20:20:19","8","2","7","744",
"233","2021-07-29 11:53:40","1","6","3","745",
"227","2022-01-22 10:34:56","2","4","5","746",
"73","2020-05-08 11:49:05","7","10","6","747",
"233","2022-10-23 19:40:58","1","9","4","748",
"140","2022-04-14 18:50:22","1","7","5","749",
"209","2021-09-07 05:33:58","10","2","4","750",
"253","2023-02-14 09:29:09","5","2","2","751",
"206","2021-08-11 22:58:03","1","6","3","752",
"273","2020-07-13 21:46:13","2","9","7","753",
"81","2022-08-14 22:13:38","2","10","1","754",
"208","2022-02-12 03:22:02","4","8","4","755",
"58","2021-04-20 15:17:32","8","6","7","756",
"31","2023-01-05 20:18:33","3","4","1","757",
"53","2022-03-16 07:21:11","3","6","2","758",
"1","2022-07-28 16:45:23","7","1","10","759",
"271","2022-01-25 01:27:36","5","10","1","760",
"198","2020-05-12 12:07:56","7","3","4","761",
"261","2023-01-29 15:45:31","6","3","5","762",
"104","2020-11-25 23:00:26","5","2","4","763",
"159","2022-09-28 22:35:07","10","1","2","764",
"33","2021-11-02 23:55:31","10","6","3","765",
"103","2022-04-06 18:37:44","6","1","6","766",
"9","2022-10-22 01:33:48","8","2","1","767",
"22","2021-02-07 01:47:24","2","7","2","768",
"115","2020-12-03 02:45:06","4","5","6","769",
"113","2022-01-24 12:58:15","7","10","2","770",
"66","2022-11-29 13:59:41","7","8","3","771",
"33","2022-06-02 05:21:20","5","1","5","772",
"197","2021-06-07 20:06:23","2","5","7","773",
"169","2021-02-12 22:17:37","4","3","4","774",
"114","2021-10-17 13:37:46","1","3","3","775",
"69","2021-02-08 02:13:34","8","2","9","776",
"16","2022-06-06 21:54:51","5","4","3","777",
"121","2020-05-10 07:41:03","8","7","3","778",
"297","2020-11-29 06:25:41","7","6","9","779",
"110","2020-11-17 23:32:20","8","2","1","780",
"10","2021-03-26 19:28:58","4","3","10","781",
"221","2023-01-02 10:32:15","8","6","10","782",
"120","2022-11-01 20:48:31","7","10","7","783",
"226","2022-03-19 03:15:51","6","4","3","784",
"119","2020-05-04 21:56:42","5","6","3","785",
"201","2021-11-08 10:29:55","2","10","6","786",
"18","2021-11-26 05:20:29","9","6","8","787",
"252","2020-10-18 18:15:09","5","2","8","788",
"130","2021-11-28 18:20:33","5","3","5","789",
"66","2022-05-21 15:54:19","9","1","5","790",
"220","2022-10-31 07:25:37","2","8","9","791",
"168","2021-03-01 16:16:28","10","6","5","792",
"228","2020-04-20 20:16:45","5","7","2","793",
"120","2021-07-07 17:10:24","6","1","5","794",
"207","2021-01-18 01:52:53","8","6","1","795",
"62","2022-01-02 02:13:22","2","4","1","796",
"273","2022-10-02 23:09:21","6","1","10","797",
"164","2021-02-03 10:49:01","1","7","7","798",
"292","2022-02-19 05:47:18","8","2","4","799",
"175","2021-01-24 17:41:33","7","3","7","800",
"244","2021-02-21 12:18:58","5","7","9","801",
"203","2022-09-10 11:04:31","2","3","10","802",
"247","2020-02-18 23:22:35","2","4","6","803",
"103","2020-09-24 07:13:17","4","8","1","804",
"46","2020-04-01 09:52:22","1","10","9","805",
"161","2020-04-13 22:41:57","1","3","4","806",
"133","2021-09-26 21:56:33","9","2","1","807",
"279","2022-08-19 05:34:30","6","8","5","808",
"167","2022-07-27 06:51:23","4","5","6","809",
"281","2022-09-05 15:08:25","5","10","8","810",
"277","2020-08-03 08:17:38","4","1","3","811",
"29","2022-05-01 09:59:09","3","7","10","812",
"211","2020-05-20 21:18:43","10","4","8","813",
"261","2022-01-23 00:44:33","1","7","6","814",
"232","2022-05-04 22:44:18","6","4","10","815",
"251","2020-12-30 20:39:14","5","2","5","816",
"149","2021-09-15 05:01:52","6","7","1","817",
"92","2022-02-15 17:02:27","4","4","8","818",
"184","2021-02-23 05:17:26","6","2","4","819",
"143","2021-01-04 01:06:52","7","1","2","820",
"15","2022-10-12 18:17:51","7","8","1","821",
"84","2020-05-09 15:05:11","10","4","4","822",
"89","2020-12-18 19:36:48","7","1","10","823",
"257","2021-08-02 08:22:22","9","3","8","824",
"113","2022-05-23 14:25:02","10","9","3","825",
"252","2022-05-03 20:31:13","3","8","2","826",
"164","2022-06-27 14:57:21","10","10","9","827",
"226","2020-11-04 17:14:52","4","2","5","828",
"298","2022-02-07 22:42:08","6","4","2","829",
"249","2022-12-10 16:56:13","1","9","1","830",
"13","2022-08-27 12:30:29","5","2","8","831",
"11","2020-03-12 20:04:33","9","6","4","832",
"260","2021-12-04 23:35:19","3","6","1","833",
"254","2022-01-15 07:05:14","8","5","6","834",
"229","2022-10-16 13:38:42","1","3","1","835",
"63","2022-11-07 19:02:17","1","8","7","836",
"221","2020-11-10 03:38:19","3","9","5","837",
"21","2021-01-29 17:52:51","3","3","9","838",
"282","2020-12-28 16:37:08","6","2","7","839",
"148","2020-03-21 04:48:22","5","6","2","840",
"194","2021-07-09 13:27:11","2","6","7","841",
"127","2022-11-18 20:53:45","6","5","6","842",
"116","2021-05-01 04:50:43","10","6","10","843",
"3","2020-04-26 22:54:53","8","5","6","844",
"219","2020-05-06 17:04:15","3","7","6","845",
"239","2020-03-03 21:59:45","5","1","1","846",
"54","2021-04-23 10:42:48","10","9","5","847",
"107","2021-03-27 03:37:06","10","5","8","848",
"59","2020-04-02 21:16:57","9","8","10","849",
"270","2021-02-20 15:38:11","2","3","1","850",
"197","2020-09-12 03:13:55","4","5","3","851",
"66","2022-03-16 20:53:43","2","3","2","852",
"226","2022-02-06 20:26:59","6","7","6","853",
"99","2021-01-31 22:33:46","10","1","6","854",
"173","2020-06-15 11:04:51","7","6","3","855",
"256","2020-06-19 09:01:09","10","1","5","856",
"8","2022-09-23 09:24:53","1","4","6","857",
"47","2022-04-02 18:25:34","2","9","7","858",
"5","2021-10-24 07:46:43","5","8","10","859",
"197","2020-10-07 19:36:26","6","9","2","860",
"122","2021-01-14 15:51:51","9","4","2","861",
"236","2020-06-26 07:47:50","9","8","9","862",
"276","2020-05-01 07:33:13","2","10","5","863",
"32","2022-01-29 13:37:20","2","9","10","864",
"133","2021-04-05 07:39:59","7","10","8","865",
"285","2020-05-11 10:18:04","6","5","5","866",
"154","2023-02-02 20:38:24","1","5","6","867",
"290","2020-08-21 02:08:22","6","10","7","868",
"219","2022-11-11 09:27:15","1","2","9","869",
"42","2022-10-06 19:04:12","2","7","9","870",
"269","2021-08-27 21:29:33","1","4","6","871",
"279","2020-09-23 22:41:22","4","6","4","872",
"156","2020-02-24 12:38:52","8","4","10","873",
"267","2022-04-03 22:18:47","6","5","6","874",
"12","2020-06-15 16:01:16","1","5","5","875",
"254","2020-02-19 08:12:00","6","9","4","876",
"193","2020-02-22 14:45:51","5","9","4","877",
"222","2020-09-30 19:51:03","8","8","10","878",
"186","2021-05-25 13:37:26","6","3","3","879",
"21","2020-11-22 14:37:59","3","5","7","880",
"168","2021-01-13 03:30:05","3","4","1","881",
"265","2021-06-19 22:15:36","6","10","1","882",
"169","2021-10-26 01:18:47","1","8","1","883",
"41","2023-02-08 04:46:58","4","3","8","884",
"122","2021-09-09 11:50:06","8","9","5","885",
"86","2021-12-14 06:16:06","5","3","9","886",
"89","2023-02-12 20:10:03","1","3","6","887",
"110","2022-03-10 12:14:11","1","3","8","888",
"2","2020-11-24 13:16:27","4","7","7","889",
"287","2022-03-11 17:01:28","8","10","8","890",
"191","2021-08-26 12:31:00","4","3","5","891",
"238","2021-08-23 05:38:49","9","3","4","892",
"122","2020-07-24 00:04:16","1","5","2","893",
"21","2020-08-21 12:42:31","5","2","10","894",
"201","2021-12-21 21:51:31","7","5","7","895",
"16","2020-09-29 14:47:35","8","4","1","896",
"129","2020-12-19 00:53:15","4","8","6","897",
"235","2022-10-15 03:08:43","5","6","2","898",
"37","2020-09-06 11:23:07","10","8","3","899",
"22","2021-11-12 09:43:43","4","7","9","900",
"22","2021-05-12 12:29:28","6","2","3","901",
"228","2020-10-13 05:04:48","10","3","6","902",
"51","2021-12-17 15:20:09","7","5","5","903",
"278","2021-04-24 14:11:20","4","1","6","904",
"101","2022-04-28 15:42:22","2","5","4","905",
"41","2021-10-30 00:45:27","5","3","4","906",
"271","2022-09-24 11:39:18","2","9","8","907",
"187","2021-08-11 22:49:08","1","2","4","908",
"195","2021-12-14 00:38:22","1","1","5","909",
"139","2022-10-04 12:31:40","7","10","10","910",
"142","2020-09-30 16:29:31","2","8","10","911",
"137","2022-10-19 23:28:38","9","2","1","912",
"245","2022-07-27 01:12:23","3","6","2","913",
"168","2021-07-21 21:23:15","2","9","9","914",
"177","2020-03-27 16:52:42","6","10","10","915",
"158","2022-07-13 11:00:50","2","10","9","916",
"288","2023-02-06 23:33:42","9","5","8","917",
"160","2022-10-03 03:29:54","6","3","6","918",
"82","2020-07-25 03:13:47","10","9","6","919",
"42","2022-08-11 02:38:00","6","5","7","920",
"234","2020-12-30 14:33:16","6","3","9","921",
"48","2020-09-03 14:02:39","2","4","9","922",
"113","2020-08-14 13:01:10","3","6","2","923",
"254","2020-02-20 21:35:02","8","2","8","924",
"298","2021-03-30 10:37:41","2","5","1","925",
"8","2021-11-18 03:19:54","7","3","10","926",
"21","2022-09-10 10:09:00","4","3","8","927",
"149","2021-04-13 07:43:43","2","9","7","928",
"61","2020-08-18 07:32:39","2","5","2","929",
"132","2021-03-17 14:55:01","10","3","10","930",
"40","2022-12-13 08:23:54","9","8","8","931",
"131","2021-07-20 09:38:59","2","3","10","932",
"229","2021-02-23 02:55:22","3","2","8","933",
"279","2022-07-07 19:56:46","5","1","10","934",
"168","2021-09-13 08:53:11","3","9","9","935",
"126","2021-01-07 21:44:21","8","8","1","936",
"29","2022-09-09 06:27:40","4","7","6","937",
"64","2020-05-27 12:19:50","4","3","7","938",
"14","2023-02-10 12:10:59","10","10","10","939",
"211","2020-02-18 11:04:46","1","7","8","940",
"171","2023-01-10 21:09:09","7","7","8","941",
"184","2021-10-29 15:07:18","7","3","3","942",
"134","2020-10-13 21:34:03","1","4","4","943",
"253","2020-06-25 15:38:11","2","5","1","944",
"116","2020-08-01 01:19:15","10","10","9","945",
"56","2023-01-07 05:24:45","4","1","2","946",
"6","2021-10-31 07:57:30","5","6","3","947",
"262","2021-05-17 02:43:11","10","2","8","948",
"48","2023-02-15 12:53:42","3","10","6","949",
"300","2020-11-24 15:01:44","5","5","8","950",
"275","2020-11-10 23:54:57","9","7","10","951",
"83","2021-12-22 10:16:19","5","1","6","952",
"167","2020-09-20 20:09:05","7","5","10","953",
"28","2022-02-08 06:00:51","4","1","7","954",
"111","2022-09-15 07:20:56","8","4","9","955",
"77","2021-06-24 12:46:06","4","5","5","956",
"12","2021-02-07 01:23:35","5","7","4","957",
"269","2023-01-17 14:52:37","1","10","9","958",
"66","2022-06-04 20:09:21","4","7","7","959",
"33","2021-02-09 01:21:59","5","8","7","960",
"25","2020-02-29 01:31:21","7","8","5","961",
"170","2021-01-12 05:11:29","4","3","8","962",
"23","2021-07-16 13:53:53","10","9","8","963",
"174","2020-05-19 23:12:50","5","10","6","964",
"33","2021-10-19 07:20:45","5","6","9","965",
"156","2020-05-21 21:07:06","9","2","9","966",
"19","2020-09-13 02:13:21","8","10","10","967",
"284","2020-05-19 03:38:54","3","1","6","968",
"72","2020-06-15 20:27:21","9","2","7","969",
"35","2022-09-26 05:32:24","3","5","7","970",
"76","2022-02-22 11:20:31","9","7","3","971",
"58","2022-10-20 00:47:12","1","8","7","972",
"202","2020-12-11 11:26:09","4","5","8","973",
"153","2022-12-12 14:31:26","8","5","3","974",
"296","2021-11-01 15:18:55","4","1","8","975",
"284","2022-12-27 13:42:10","8","4","1","976",
"216","2022-06-23 10:49:12","3","3","9","977",
"55","2022-05-08 05:21:56","10","7","2","978",
"192","2020-11-28 09:33:17","7","8","4","979",
"232","2020-06-27 16:33:03","9","5","6","980",
"226","2021-06-23 13:30:08","2","6","2","981",
"9","2022-11-03 11:41:22","9","10","8","982",
"41","2022-11-07 01:46:11","9","5","1","983",
"152","2022-07-14 07:55:14","7","7","1","984",
"152","2021-11-13 15:07:49","6","2","9","985",
"280","2020-12-21 14:01:50","3","3","3","986",
"187","2022-09-06 21:20:10","8","8","5","987",
"243","2021-11-05 07:45:33","6","8","2","988",
"234","2020-07-07 20:03:45","1","2","3","989",
"251","2023-01-19 05:45:10","2","5","1","990",
"136","2022-03-08 14:29:26","3","6","10","991",
"156","2020-12-19 00:19:20","8","8","10","992",
"28","2021-10-27 13:19:35","3","3","1","993",
"264","2022-07-05 20:59:06","8","5","10","994",
"238","2020-03-04 19:53:53","10","7","1","995",
"273","2020-02-28 07:04:05","8","3","1","996",
"280","2020-09-09 07:08:31","2","6","4","997",
"270","2021-05-10 18:35:10","7","8","6","998",
"170","2021-04-14 14:22:22","4","8","1","999",
"225","2022-08-22 12:37:59","5","3","7","1000",
