log_user_id,Logging_IN_time,IOT_TYPE,Log_id
145,10/9/21 9:19,PC,1
219,1/30/21 18:48,Mobile,2
264,8/15/22 16:44,Mobile,3
217,3/4/21 1:32,PC,4
274,7/11/22 0:55,PC,5
152,11/4/22 13:45,Mobile,6
113,5/22/21 0:22,Mobile,7
18,11/16/22 13:32,PC,8
129,8/31/21 0:11,Mobile,9
98,4/1/20 8:52,Mobile,10
8,3/19/21 1:07,PC,11
80,2/21/21 16:56,Mobile,12
23,9/17/20 16:55,PC,13
206,2/4/23 16:09,PC,14
52,10/16/22 7:30,Mobile,15
131,1/23/22 7:25,Mobile,16
237,9/13/22 15:08,Mobile,17
265,3/19/22 1:39,PC,18
132,1/10/22 1:20,Mobile,19
135,12/14/22 13:54,PC,20
69,11/2/21 6:12,Mobile,21
298,6/2/20 18:17,PC,22
229,5/19/20 19:44,Mobile,23
108,10/31/21 6:55,Mobile,24
217,9/22/20 19:54,PC,25
268,12/22/21 15:18,Mobile,26
130,6/12/20 5:58,Mobile,27
235,8/1/22 4:07,PC,28
207,2/24/21 15:33,PC,29
300,3/14/21 10:24,Mobile,30
27,9/9/21 4:40,PC,31
228,5/16/22 10:37,Mobile,32
160,5/26/21 14:36,Mobile,33
272,5/21/20 8:07,Mobile,34
270,12/25/22 7:47,PC,35
29,6/17/20 13:10,PC,36
200,10/20/22 2:18,PC,37
267,2/5/21 18:07,PC,38
197,9/22/21 3:18,Mobile,39
281,12/19/21 3:51,Mobile,40
37,4/21/20 20:00,Mobile,41
52,5/12/20 20:42,Mobile,42
157,3/28/20 13:59,PC,43
163,6/16/21 6:11,PC,44
130,6/9/20 0:36,Mobile,45
249,4/1/21 21:38,PC,46
252,9/12/21 8:35,PC,47
280,5/27/21 4:52,Mobile,48
134,10/4/22 13:23,Mobile,49
206,6/16/22 16:47,PC,50
71,5/28/21 3:23,Mobile,51
111,5/2/22 20:38,PC,52
288,1/29/22 17:16,PC,53
143,7/31/20 4:57,Mobile,54
90,4/16/20 8:00,Mobile,55
209,9/5/20 17:35,PC,56
239,7/26/20 20:36,PC,57
274,11/21/21 22:49,PC,58
167,10/26/20 2:26,PC,59
270,2/7/23 2:21,PC,60
27,8/31/22 8:09,PC,61
160,4/4/22 22:29,Mobile,62
292,5/18/20 16:18,Mobile,63
98,6/26/22 19:41,PC,64
243,7/27/20 15:09,Mobile,65
281,9/23/21 20:07,Mobile,66
108,7/2/22 9:41,PC,67
26,3/27/20 9:34,PC,68
175,6/20/20 17:10,PC,69
21,6/28/22 6:24,Mobile,70
240,1/22/22 1:15,PC,71
280,10/5/22 6:40,Mobile,72
280,6/1/21 8:16,Mobile,73
195,11/22/21 0:45,Mobile,74
64,5/17/22 11:04,PC,75
25,6/10/22 9:03,Mobile,76
39,4/26/20 2:26,Mobile,77
223,2/12/21 8:20,Mobile,78
248,1/8/22 8:45,Mobile,79
204,7/11/21 15:53,PC,80
180,12/31/20 6:51,PC,81
163,8/14/20 13:34,Mobile,82
112,10/16/22 7:08,Mobile,83
167,11/27/21 18:09,Mobile,84
77,12/18/20 4:19,Mobile,85
59,3/26/20 16:37,Mobile,86
85,3/23/22 14:47,PC,87
272,5/8/21 6:28,Mobile,88
274,9/5/22 10:44,Mobile,89
21,5/10/22 0:00,PC,90
94,12/11/22 22:40,Mobile,91
247,10/4/22 10:24,Mobile,92
83,1/27/23 18:54,PC,93
245,10/13/20 14:11,PC,94
163,7/7/20 21:55,PC,95
291,10/12/22 4:56,PC,96
142,1/21/21 6:13,PC,97
152,7/26/21 9:16,Mobile,98
252,4/25/21 16:03,Mobile,99
171,7/4/22 4:09,Mobile,100
55,2/7/21 21:24,Mobile,101
193,6/22/21 6:30,Mobile,102
133,6/23/21 13:17,Mobile,103
28,8/15/22 12:45,PC,104
58,3/27/22 7:56,PC,105
177,7/2/22 22:42,PC,106
42,3/24/21 22:58,PC,107
84,4/4/22 7:55,Mobile,108
286,5/19/21 16:35,Mobile,109
300,1/6/22 19:59,Mobile,110
45,12/23/20 12:50,PC,111
284,3/6/21 13:10,PC,112
282,1/9/23 5:21,Mobile,113
296,8/11/20 19:47,Mobile,114
215,9/15/21 15:28,Mobile,115
192,1/15/23 13:47,PC,116
83,2/9/22 14:09,Mobile,117
187,7/6/21 22:41,PC,118
55,6/19/20 2:57,Mobile,119
51,8/29/21 0:42,PC,120
137,10/18/21 22:07,PC,121
61,9/22/20 20:01,PC,122
228,3/30/21 22:06,PC,123
72,5/30/22 9:50,Mobile,124
40,8/2/20 6:38,Mobile,125
259,5/2/21 14:30,Mobile,126
9,2/26/21 18:28,PC,127
47,6/9/21 9:00,PC,128
31,9/1/21 8:39,PC,129
12,7/3/22 0:04,Mobile,130
114,8/5/21 19:31,PC,131
295,11/6/21 7:09,Mobile,132
122,7/18/20 14:04,Mobile,133
178,10/6/20 15:50,PC,134
134,10/12/20 10:20,PC,135
24,8/15/21 19:05,Mobile,136
116,11/30/20 8:49,PC,137
210,10/31/20 2:52,PC,138
19,5/8/20 14:38,Mobile,139
111,6/17/20 14:24,PC,140
76,11/22/20 22:58,Mobile,141
186,2/20/22 5:58,Mobile,142
264,4/29/21 8:24,Mobile,143
36,7/29/20 14:14,PC,144
180,5/19/21 0:47,PC,145
297,4/19/22 12:34,PC,146
148,1/15/22 22:00,Mobile,147
261,1/6/23 21:06,PC,148
219,11/1/22 1:32,PC,149
260,6/25/21 5:29,PC,150
265,10/1/20 12:45,PC,151
65,10/11/22 20:44,PC,152
52,4/20/20 10:39,PC,153
196,5/24/21 0:51,PC,154
32,7/9/20 11:09,PC,155
103,8/29/21 12:32,Mobile,156
149,3/15/20 15:48,Mobile,157
278,10/19/20 22:03,Mobile,158
217,3/16/21 22:28,PC,159
277,2/28/21 13:53,Mobile,160
39,5/24/21 19:34,Mobile,161
118,10/29/20 11:23,Mobile,162
72,9/17/21 22:26,Mobile,163
297,11/30/20 19:17,Mobile,164
61,11/6/21 2:59,PC,165
269,7/25/20 8:43,Mobile,166
180,10/27/22 7:58,PC,167
251,8/31/22 22:02,PC,168
142,9/8/21 22:26,PC,169
61,3/10/21 17:17,Mobile,170
121,11/28/22 21:39,PC,171
98,11/9/22 5:56,Mobile,172
64,2/29/20 21:37,Mobile,173
147,4/25/20 16:58,Mobile,174
81,5/19/20 19:27,Mobile,175
189,2/24/22 10:09,PC,176
230,11/26/21 16:52,PC,177
290,7/13/20 22:56,Mobile,178
269,7/24/21 3:58,Mobile,179
105,2/27/20 15:40,PC,180
204,2/4/22 6:38,Mobile,181
241,1/9/21 3:47,PC,182
152,2/25/20 7:33,Mobile,183
219,10/25/22 4:15,PC,184
38,6/25/22 5:48,Mobile,185
96,9/14/20 21:32,Mobile,186
270,5/29/20 7:49,PC,187
7,2/13/22 0:49,Mobile,188
50,10/19/20 13:38,PC,189
48,9/16/22 7:31,Mobile,190
184,3/15/20 4:47,Mobile,191
51,4/1/22 19:30,PC,192
2,11/11/20 3:41,Mobile,193
155,10/30/21 10:39,PC,194
34,11/26/20 12:27,PC,195
156,11/12/21 3:51,PC,196
219,10/11/21 15:02,Mobile,197
99,8/11/22 22:25,PC,198
145,6/3/21 0:24,Mobile,199
46,3/22/22 2:08,PC,200
267,9/14/22 0:58,PC,201
262,9/30/22 13:14,Mobile,202
275,7/6/21 17:11,Mobile,203
145,7/9/22 11:24,Mobile,204
112,8/20/21 7:01,Mobile,205
86,11/6/22 20:24,PC,206
49,1/19/22 15:07,PC,207
102,8/22/22 7:29,Mobile,208
269,6/1/21 22:47,Mobile,209
48,12/6/20 5:36,PC,210
214,8/13/21 0:41,PC,211
84,8/27/21 6:36,Mobile,212
50,4/14/22 14:33,PC,213
144,1/30/21 13:53,PC,214
290,3/5/20 15:46,PC,215
265,12/6/20 14:43,Mobile,216
157,12/25/21 4:16,PC,217
252,7/26/20 4:58,Mobile,218
29,10/29/21 22:06,PC,219
138,5/11/22 0:52,Mobile,220
216,12/3/21 18:16,Mobile,221
176,5/26/22 13:30,Mobile,222
11,7/29/21 6:27,PC,223
4,2/16/22 17:26,PC,224
57,1/23/23 23:31,PC,225
158,9/8/22 1:52,PC,226
207,8/21/21 11:54,Mobile,227
294,5/25/21 2:11,PC,228
214,6/13/20 21:58,Mobile,229
149,4/8/20 8:47,Mobile,230
259,7/18/21 18:02,PC,231
59,4/19/22 12:56,PC,232
14,3/26/21 15:43,PC,233
215,1/5/23 0:18,PC,234
74,8/13/22 16:55,Mobile,235
213,12/10/21 20:23,PC,236
185,6/19/22 13:52,PC,237
284,1/1/23 2:07,PC,238
120,11/21/22 5:31,Mobile,239
183,11/27/22 8:10,Mobile,240
208,12/22/21 16:24,PC,241
255,11/24/22 5:17,Mobile,242
281,4/6/22 5:58,PC,243
123,7/7/22 3:23,PC,244
118,1/15/23 20:37,PC,245
249,8/29/21 20:59,PC,246
22,11/28/21 2:56,Mobile,247
2,9/7/20 18:35,PC,248
44,1/16/23 10:12,PC,249
98,4/2/21 8:34,PC,250
14,4/20/20 1:20,PC,251
27,12/11/21 9:51,PC,252
248,2/11/23 7:43,Mobile,253
65,1/11/21 8:05,PC,254
137,4/27/22 19:04,Mobile,255
43,4/1/22 14:00,PC,256
112,10/23/21 10:31,PC,257
58,12/4/21 1:51,Mobile,258
25,1/21/21 10:28,Mobile,259
179,8/4/20 18:48,Mobile,260
276,2/6/23 10:56,PC,261
150,2/23/20 23:20,PC,262
163,11/17/21 13:19,PC,263
227,11/27/21 14:02,PC,264
86,2/17/21 3:01,PC,265
261,3/4/22 18:36,PC,266
274,12/18/22 15:18,Mobile,267
252,12/15/21 16:32,PC,268
135,1/10/22 12:16,Mobile,269
283,7/11/22 2:16,Mobile,270
87,8/19/20 13:57,PC,271
140,11/23/22 6:24,Mobile,272
34,7/13/21 6:06,PC,273
245,2/20/21 16:16,Mobile,274
254,5/31/20 22:09,PC,275
58,3/14/22 13:47,PC,276
115,6/30/21 4:31,Mobile,277
39,12/30/20 2:01,PC,278
208,4/3/20 15:38,Mobile,279
34,8/28/21 16:09,Mobile,280
131,3/18/21 22:33,Mobile,281
205,12/1/22 17:13,PC,282
288,6/20/21 1:15,PC,283
78,11/30/20 22:31,PC,284
37,2/11/23 19:04,Mobile,285
157,5/31/22 15:32,Mobile,286
234,3/29/20 6:01,PC,287
166,9/26/22 17:52,Mobile,288
175,9/12/20 21:56,PC,289
295,4/12/20 10:32,PC,290
175,7/20/22 0:14,PC,291
45,2/24/20 13:10,Mobile,292
290,3/6/21 23:57,Mobile,293
208,6/22/21 21:37,PC,294
150,3/3/22 22:21,Mobile,295
149,4/15/22 18:25,Mobile,296
23,6/11/20 7:46,Mobile,297
215,7/22/20 9:34,Mobile,298
202,8/30/20 5:25,Mobile,299
187,8/26/22 2:33,PC,300
295,1/6/21 3:27,PC,301
78,6/14/20 7:17,PC,302
36,2/8/23 16:00,PC,303
48,12/2/20 3:08,PC,304
21,10/6/21 17:31,Mobile,305
38,7/2/22 19:23,PC,306
105,6/30/22 1:05,PC,307
76,8/15/20 15:57,PC,308
300,1/16/22 4:56,PC,309
113,4/4/22 18:00,Mobile,310
262,2/13/22 2:20,Mobile,311
93,2/24/21 14:06,Mobile,312
284,11/3/21 3:44,PC,313
287,7/12/21 14:38,PC,314
51,11/14/21 21:35,Mobile,315
97,3/9/22 18:00,Mobile,316
296,11/17/22 6:14,Mobile,317
75,7/12/21 22:23,Mobile,318
116,8/16/22 15:07,PC,319
150,4/28/20 23:40,PC,320
263,3/31/22 21:10,Mobile,321
174,8/14/20 8:03,Mobile,322
119,1/16/23 8:06,Mobile,323
44,5/10/22 0:06,PC,324
280,4/16/21 2:43,PC,325
89,8/6/21 21:57,PC,326
31,12/11/20 8:55,Mobile,327
139,5/21/21 19:16,PC,328
32,1/31/22 4:56,Mobile,329
260,2/21/20 21:07,Mobile,330
62,5/28/22 12:31,Mobile,331
76,9/27/21 6:35,Mobile,332
277,11/29/22 14:03,Mobile,333
27,12/13/20 4:45,PC,334
34,6/13/22 1:37,Mobile,335
174,12/8/21 2:01,Mobile,336
286,8/6/22 3:52,PC,337
35,10/26/21 7:49,Mobile,338
213,4/25/21 17:48,PC,339
27,10/24/20 11:24,Mobile,340
242,5/15/21 9:09,PC,341
10,11/23/20 20:34,Mobile,342
13,3/21/21 21:38,Mobile,343
251,6/15/22 2:40,Mobile,344
265,5/20/21 21:08,Mobile,345
35,3/16/20 2:30,PC,346
54,10/8/20 9:59,PC,347
176,9/22/21 4:31,PC,348
106,6/3/22 13:04,Mobile,349
189,1/5/22 3:57,PC,350
197,9/7/22 14:20,Mobile,351
279,4/3/21 17:42,PC,352
253,11/6/20 4:16,PC,353
13,4/24/20 2:51,PC,354
246,10/6/21 0:33,Mobile,355
163,8/24/20 11:09,PC,356
26,3/28/20 17:40,PC,357
132,2/11/23 18:07,PC,358
154,10/24/20 13:11,Mobile,359
27,4/19/22 3:33,PC,360
169,9/9/22 6:27,Mobile,361
139,1/23/23 10:06,PC,362
289,8/18/22 15:30,Mobile,363
206,10/31/22 6:38,Mobile,364
202,7/31/21 22:06,Mobile,365
98,10/19/21 3:21,PC,366
223,7/19/20 7:06,PC,367
76,6/19/21 2:35,Mobile,368
93,1/5/23 16:37,PC,369
58,3/5/21 5:57,Mobile,370
183,6/28/21 22:20,Mobile,371
291,5/21/21 11:30,PC,372
95,8/19/20 19:17,PC,373
290,2/27/22 19:55,PC,374
148,7/11/22 14:35,Mobile,375
64,10/11/21 19:43,PC,376
123,1/30/22 10:14,Mobile,377
43,8/16/21 9:20,PC,378
101,6/4/20 21:41,PC,379
181,5/24/21 23:24,PC,380
198,12/13/22 22:34,Mobile,381
280,5/17/21 1:08,Mobile,382
37,11/20/22 5:26,Mobile,383
158,12/19/21 12:19,Mobile,384
76,5/10/20 22:56,Mobile,385
276,5/4/22 20:05,PC,386
179,2/11/21 14:56,PC,387
73,4/22/21 0:25,PC,388
125,8/29/20 6:24,PC,389
47,6/7/20 23:08,Mobile,390
279,7/26/20 12:10,PC,391
62,6/28/22 22:50,Mobile,392
202,4/12/21 1:17,Mobile,393
132,9/15/20 18:19,Mobile,394
80,3/25/22 18:29,PC,395
247,12/30/20 8:56,PC,396
144,9/17/22 13:24,Mobile,397
215,5/2/21 5:21,Mobile,398
116,2/2/21 4:35,Mobile,399
297,4/7/20 10:09,PC,400
222,10/14/22 16:39,Mobile,401
51,11/15/20 21:14,PC,402
140,7/14/22 18:48,PC,403
51,6/9/21 1:14,Mobile,404
140,5/24/20 17:00,PC,405
191,7/13/21 13:56,Mobile,406
262,5/17/20 15:09,Mobile,407
22,12/10/22 12:29,Mobile,408
89,5/29/22 18:07,Mobile,409
24,10/31/22 14:57,Mobile,410
200,8/4/22 5:36,Mobile,411
167,11/26/20 14:39,PC,412
192,12/17/21 23:15,PC,413
288,11/14/20 5:26,PC,414
157,11/19/22 17:56,PC,415
267,11/16/20 11:03,PC,416
204,11/11/22 2:09,PC,417
64,5/15/20 20:55,Mobile,418
52,10/24/21 2:33,PC,419
288,6/12/22 8:29,PC,420
180,11/22/22 10:13,Mobile,421
58,3/4/22 18:52,PC,422
163,5/28/21 9:19,Mobile,423
145,5/14/21 14:31,PC,424
242,2/28/20 7:14,PC,425
122,3/26/20 1:04,Mobile,426
177,3/16/22 9:10,Mobile,427
164,9/21/22 7:33,PC,428
6,4/20/20 2:41,PC,429
109,2/14/21 19:44,Mobile,430
137,9/17/22 8:38,Mobile,431
245,1/7/21 18:16,PC,432
271,12/24/22 4:28,PC,433
259,8/5/22 0:27,PC,434
111,7/29/22 13:21,Mobile,435
2,8/23/22 20:07,Mobile,436
261,1/21/22 7:51,Mobile,437
164,5/30/22 4:13,PC,438
293,7/18/22 11:57,PC,439
170,10/6/22 3:52,Mobile,440
215,1/20/21 1:09,Mobile,441
286,4/27/21 21:52,Mobile,442
173,6/9/21 9:56,PC,443
92,3/6/20 6:23,PC,444
5,10/6/22 9:54,Mobile,445
218,6/27/22 15:35,PC,446
273,6/11/21 9:50,PC,447
85,11/2/21 16:47,PC,448
175,9/28/22 8:02,Mobile,449
146,5/21/20 16:56,Mobile,450
94,8/4/21 14:42,Mobile,451
192,12/27/20 12:19,PC,452
208,8/4/22 18:26,PC,453
64,11/21/20 0:40,Mobile,454
260,12/26/22 5:38,PC,455
291,7/18/21 8:22,Mobile,456
102,4/9/22 12:57,PC,457
149,11/11/21 15:27,PC,458
110,3/14/22 7:26,Mobile,459
105,2/4/22 10:19,Mobile,460
42,12/2/21 5:16,PC,461
191,9/5/21 4:48,Mobile,462
277,5/22/22 19:15,Mobile,463
170,8/15/22 5:06,Mobile,464
186,3/6/21 7:47,Mobile,465
223,1/10/22 22:01,PC,466
140,5/14/22 11:59,PC,467
76,6/27/21 8:35,Mobile,468
256,11/16/21 22:12,Mobile,469
97,4/26/21 18:41,Mobile,470
234,4/29/20 23:24,Mobile,471
146,11/29/22 17:43,Mobile,472
96,3/30/22 15:35,Mobile,473
99,3/3/21 12:10,PC,474
198,11/4/20 9:47,PC,475
186,10/17/22 7:44,Mobile,476
139,2/23/20 6:32,Mobile,477
143,3/26/22 4:37,Mobile,478
171,9/25/21 8:13,PC,479
249,2/11/23 1:58,Mobile,480
194,4/14/20 18:58,PC,481
59,5/21/20 15:29,Mobile,482
145,9/30/20 13:14,PC,483
216,1/8/22 22:33,Mobile,484
118,11/4/21 17:39,Mobile,485
196,4/18/20 10:53,PC,486
162,8/24/20 14:07,Mobile,487
189,10/26/22 19:27,PC,488
70,2/8/23 10:10,PC,489
149,6/10/22 18:01,Mobile,490
173,2/22/21 0:55,Mobile,491
85,9/7/21 3:45,Mobile,492
261,3/17/21 14:50,PC,493
261,10/24/21 10:50,PC,494
122,8/19/22 9:50,Mobile,495
115,12/21/21 21:09,PC,496
277,5/15/21 10:22,Mobile,497
172,10/16/21 3:58,Mobile,498
42,10/15/21 23:09,PC,499
220,5/17/22 5:57,Mobile,500
276,10/19/22 3:55,PC,501
117,4/15/22 20:32,Mobile,502
22,4/22/20 13:22,Mobile,503
135,9/10/22 18:19,Mobile,504
166,7/25/20 21:18,PC,505
65,7/30/20 22:03,PC,506
129,2/28/20 22:35,Mobile,507
185,12/24/22 22:40,Mobile,508
197,7/2/22 22:17,PC,509
119,2/23/20 18:22,PC,510
265,11/10/21 6:10,PC,511
203,6/21/21 23:30,Mobile,512
25,1/16/21 3:36,PC,513
241,7/11/21 8:02,PC,514
174,1/17/21 20:50,Mobile,515
204,5/8/21 3:10,PC,516
162,8/28/20 3:52,Mobile,517
19,12/21/20 15:47,PC,518
294,9/16/20 18:50,PC,519
59,12/1/22 11:21,PC,520
262,1/1/23 2:05,PC,521
45,10/29/22 14:39,Mobile,522
287,11/30/21 8:50,PC,523
99,3/31/20 16:04,Mobile,524
8,3/18/20 20:40,Mobile,525
212,9/11/20 19:48,Mobile,526
195,6/7/20 23:24,PC,527
133,1/1/21 20:19,PC,528
171,2/21/21 16:21,Mobile,529
106,1/12/21 7:42,PC,530
108,8/6/22 1:59,PC,531
151,2/19/20 20:39,PC,532
7,3/15/21 9:11,PC,533
294,1/25/23 13:14,Mobile,534
46,12/3/22 12:11,Mobile,535
119,2/16/20 21:18,Mobile,536
210,9/7/21 11:19,Mobile,537
259,9/21/20 11:24,PC,538
245,1/17/23 17:20,Mobile,539
169,7/7/20 23:25,Mobile,540
290,7/18/21 12:46,Mobile,541
281,12/3/20 8:17,PC,542
205,3/14/21 15:04,PC,543
6,1/12/22 10:44,Mobile,544
209,10/8/22 12:44,Mobile,545
93,9/6/21 20:28,Mobile,546
89,1/7/22 1:17,Mobile,547
259,11/8/22 17:17,Mobile,548
228,2/2/21 12:32,PC,549
60,4/20/22 5:19,PC,550
61,5/25/21 16:44,Mobile,551
211,9/20/20 20:41,Mobile,552
267,8/12/20 17:54,PC,553
70,8/21/22 16:34,PC,554
10,5/19/20 8:06,PC,555
286,4/20/21 7:50,Mobile,556
182,9/28/22 0:26,Mobile,557
272,11/15/22 23:20,Mobile,558
175,3/5/20 4:14,Mobile,559
286,8/28/20 17:43,Mobile,560
199,1/22/23 0:52,Mobile,561
5,3/18/22 14:06,Mobile,562
57,6/8/21 18:42,PC,563
273,9/6/22 2:31,PC,564
94,11/6/22 8:56,PC,565
151,3/3/20 4:51,PC,566
292,7/20/22 22:09,Mobile,567
71,2/2/21 20:00,Mobile,568
261,10/25/20 16:35,Mobile,569
235,4/21/21 13:14,Mobile,570
104,11/15/20 8:30,PC,571
283,4/19/20 7:09,PC,572
287,9/24/22 16:48,Mobile,573
114,3/20/22 21:06,Mobile,574
201,2/1/23 9:13,Mobile,575
113,2/25/22 12:22,Mobile,576
120,2/6/22 16:47,PC,577
84,3/14/20 9:42,Mobile,578
294,8/26/21 22:10,Mobile,579
237,6/4/20 20:06,Mobile,580
191,12/5/20 3:40,PC,581
148,6/15/21 19:04,PC,582
6,8/27/21 9:41,PC,583
186,8/12/21 7:19,Mobile,584
43,1/3/21 18:41,PC,585
145,7/19/20 3:07,Mobile,586
148,7/7/21 19:53,PC,587
294,10/3/22 19:09,PC,588
155,2/15/21 10:42,PC,589
88,5/15/21 8:55,PC,590
246,10/27/22 4:47,PC,591
287,7/17/20 18:39,Mobile,592
103,10/30/20 12:34,PC,593
204,6/10/20 8:32,PC,594
182,2/22/20 17:04,PC,595
80,4/24/21 8:39,PC,596
17,5/26/21 10:42,PC,597
112,1/2/22 10:14,Mobile,598
32,4/27/21 6:13,Mobile,599
37,1/28/21 22:50,PC,600
83,2/13/21 8:04,Mobile,601
248,5/18/21 0:41,PC,602
92,11/9/21 8:07,Mobile,603
89,4/3/20 11:13,PC,604
50,2/1/22 14:36,PC,605
60,12/4/21 2:53,Mobile,606
71,5/15/22 2:50,PC,607
90,7/31/20 4:54,PC,608
180,9/2/20 17:14,PC,609
269,8/14/22 3:56,PC,610
296,7/19/20 2:39,PC,611
159,11/1/22 13:24,Mobile,612
76,8/30/20 17:54,PC,613
186,7/18/22 6:29,PC,614
25,12/15/20 1:21,Mobile,615
294,6/2/22 3:28,PC,616
102,1/24/21 7:00,PC,617
76,7/19/21 15:43,Mobile,618
254,10/24/20 2:12,PC,619
75,4/22/21 21:38,PC,620
253,5/12/22 0:13,PC,621
101,2/10/21 6:28,Mobile,622
251,10/11/21 16:30,PC,623
251,1/11/23 13:59,PC,624
209,6/10/22 3:41,Mobile,625
72,3/31/20 16:12,PC,626
16,6/20/21 9:38,PC,627
64,2/27/20 3:30,PC,628
131,8/14/22 22:22,Mobile,629
246,9/23/20 17:38,PC,630
278,12/14/22 18:12,PC,631
297,8/29/21 15:23,PC,632
10,2/16/22 21:07,Mobile,633
126,6/3/22 15:23,PC,634
216,10/10/22 8:58,Mobile,635
117,1/30/23 10:13,Mobile,636
156,11/2/20 13:38,Mobile,637
255,6/5/20 5:20,Mobile,638
117,6/7/22 8:17,PC,639
274,12/30/20 10:18,Mobile,640
204,3/27/21 10:18,Mobile,641
230,9/21/21 1:07,Mobile,642
181,7/25/22 21:53,PC,643
101,4/20/20 12:54,Mobile,644
24,10/1/21 14:00,Mobile,645
209,11/16/21 15:17,Mobile,646
267,11/12/20 1:15,PC,647
73,5/28/21 14:47,PC,648
134,8/20/20 8:45,PC,649
227,1/7/23 9:57,Mobile,650
272,1/24/23 1:44,PC,651
256,9/3/21 23:47,Mobile,652
4,2/4/21 13:47,PC,653
192,1/20/22 17:09,PC,654
205,6/22/21 19:35,PC,655
74,9/12/21 17:46,Mobile,656
258,9/7/22 12:30,Mobile,657
233,12/17/20 16:26,PC,658
102,3/21/21 17:33,Mobile,659
117,8/16/20 9:44,Mobile,660
129,4/3/22 9:15,Mobile,661
274,2/16/21 22:16,Mobile,662
246,9/8/22 21:33,Mobile,663
228,11/9/22 9:02,Mobile,664
107,1/26/21 11:02,Mobile,665
265,2/23/22 15:55,PC,666
271,7/23/20 5:26,Mobile,667
227,9/25/22 11:11,PC,668
22,8/11/22 9:20,PC,669
180,10/13/20 1:10,PC,670
19,4/29/22 8:33,Mobile,671
216,12/31/22 0:08,Mobile,672
163,4/26/21 2:28,Mobile,673
210,2/19/20 21:23,Mobile,674
194,10/22/21 17:24,PC,675
140,1/12/22 1:36,Mobile,676
175,10/21/22 23:26,Mobile,677
159,10/10/22 23:58,PC,678
10,7/7/22 3:54,PC,679
199,9/7/20 21:52,PC,680
228,11/24/22 8:01,Mobile,681
263,12/5/20 19:50,PC,682
178,2/19/21 0:59,PC,683
83,2/21/22 0:13,Mobile,684
216,9/24/22 5:49,Mobile,685
55,5/24/22 7:38,PC,686
260,2/28/22 15:39,PC,687
157,8/16/20 17:08,Mobile,688
145,11/10/22 21:02,Mobile,689
125,1/25/21 4:46,PC,690
68,10/5/22 3:10,PC,691
128,10/20/21 4:50,PC,692
118,10/17/22 8:11,Mobile,693
217,10/3/22 22:12,PC,694
34,6/17/22 10:13,PC,695
235,4/9/22 2:12,Mobile,696
7,9/20/21 4:30,Mobile,697
295,8/1/20 13:04,PC,698
20,3/21/20 7:53,PC,699
160,3/14/20 4:41,PC,700
34,12/18/21 19:26,Mobile,701
83,9/8/21 23:11,Mobile,702
16,9/11/22 22:52,Mobile,703
284,5/15/22 7:24,Mobile,704
221,6/15/20 22:32,PC,705
60,12/22/20 4:05,Mobile,706
233,6/13/21 1:16,PC,707
105,10/6/22 0:12,Mobile,708
61,6/11/20 15:48,PC,709
11,8/8/20 0:32,PC,710
255,4/12/22 16:36,PC,711
90,8/7/22 6:00,PC,712
174,10/5/21 23:02,PC,713
160,10/6/20 9:37,PC,714
271,7/10/22 14:33,PC,715
166,6/27/21 22:40,PC,716
298,9/21/21 22:24,PC,717
82,6/27/22 14:56,Mobile,718
291,5/17/22 2:05,PC,719
258,5/23/22 1:26,PC,720
45,3/3/22 16:50,Mobile,721
15,5/7/21 16:09,PC,722
111,11/21/22 13:53,Mobile,723
169,5/6/20 15:36,Mobile,724
143,4/1/21 23:05,PC,725
38,6/5/21 4:07,PC,726
114,5/11/20 15:40,Mobile,727
158,6/19/22 22:28,PC,728
4,1/13/23 14:55,PC,729
70,1/18/22 11:35,PC,730
283,1/11/21 7:08,PC,731
271,1/8/22 3:47,PC,732
207,5/31/22 8:59,PC,733
100,8/2/21 10:02,Mobile,734
93,2/16/21 12:21,PC,735
29,6/14/21 5:39,Mobile,736
94,4/27/22 6:02,PC,737
284,2/25/20 14:22,PC,738
272,7/22/22 11:32,Mobile,739
55,3/14/21 7:31,Mobile,740
35,3/27/21 16:37,PC,741
236,8/19/21 14:05,PC,742
173,2/20/22 0:30,PC,743
112,6/29/21 14:45,PC,744
219,12/17/22 12:39,Mobile,745
18,10/28/22 2:02,PC,746
300,12/16/21 8:54,PC,747
87,5/3/22 15:30,Mobile,748
16,6/25/21 7:18,PC,749
222,3/8/22 18:05,Mobile,750
108,3/31/21 13:03,PC,751
193,8/14/22 14:39,Mobile,752
85,9/25/20 13:12,Mobile,753
266,8/10/21 11:29,Mobile,754
148,6/3/22 18:21,PC,755
130,6/26/21 8:24,PC,756
134,4/17/21 6:41,Mobile,757
242,7/28/22 1:50,Mobile,758
79,4/3/21 15:21,Mobile,759
216,3/8/21 7:59,PC,760
101,12/25/20 22:56,Mobile,761
58,11/8/21 9:17,PC,762
292,12/7/22 17:25,Mobile,763
244,10/2/22 19:23,PC,764
279,11/21/21 15:26,Mobile,765
44,6/7/22 5:36,PC,766
1,11/3/22 5:04,Mobile,767
76,3/30/21 13:33,Mobile,768
189,12/8/20 11:14,Mobile,769
275,6/26/20 22:08,Mobile,770
15,6/10/20 6:57,Mobile,771
64,7/12/22 8:38,Mobile,772
150,12/1/20 10:21,PC,773
14,12/30/22 7:51,PC,774
127,5/20/20 7:59,Mobile,775
234,4/4/22 16:52,PC,776
67,2/14/21 7:56,PC,777
224,10/24/21 6:11,PC,778
95,2/27/21 19:34,PC,779
253,3/26/20 13:51,Mobile,780
184,12/28/20 9:58,PC,781
90,8/9/22 16:32,Mobile,782
116,12/4/20 1:06,PC,783
221,6/4/21 2:34,PC,784
151,5/1/22 15:35,Mobile,785
89,9/28/22 10:39,PC,786
243,4/12/22 19:07,PC,787
290,4/11/22 3:39,PC,788
98,10/17/20 22:02,Mobile,789
200,12/29/21 0:41,PC,790
290,3/13/22 0:01,PC,791
22,8/15/20 4:09,Mobile,792
56,2/23/21 18:30,PC,793
300,5/28/22 15:10,Mobile,794
41,1/20/21 10:02,PC,795
205,4/14/22 1:10,Mobile,796
125,10/26/22 16:45,PC,797
96,5/1/20 3:29,PC,798
124,7/2/22 15:47,Mobile,799
138,10/27/22 11:24,PC,800
199,2/1/22 17:51,PC,801
229,1/4/21 22:07,Mobile,802
9,3/13/22 16:22,PC,803
98,10/6/20 2:53,PC,804
82,4/20/21 14:16,Mobile,805
80,10/26/20 5:57,PC,806
54,8/10/20 15:51,Mobile,807
96,8/18/21 23:34,PC,808
16,5/8/20 7:51,PC,809
14,7/12/22 22:20,Mobile,810
195,2/17/22 9:01,Mobile,811
82,10/21/22 7:31,PC,812
277,5/31/20 14:49,Mobile,813
209,4/10/20 2:28,Mobile,814
280,6/26/21 12:35,Mobile,815
230,2/1/22 14:01,Mobile,816
95,2/21/21 3:49,PC,817
261,4/9/20 22:32,PC,818
242,1/27/23 4:02,PC,819
48,8/27/21 10:06,Mobile,820
215,4/10/21 9:38,PC,821
157,12/15/22 15:23,PC,822
113,7/31/20 20:43,PC,823
253,1/14/22 2:05,PC,824
120,8/3/20 13:47,PC,825
166,2/4/21 12:32,Mobile,826
256,5/26/22 17:43,Mobile,827
11,6/8/22 19:44,PC,828
190,9/22/20 9:02,Mobile,829
233,11/16/22 12:15,Mobile,830
106,3/27/22 2:52,Mobile,831
146,1/10/23 3:55,PC,832
247,3/10/21 17:36,Mobile,833
77,1/15/23 9:57,Mobile,834
153,5/9/20 4:00,PC,835
61,4/22/22 15:40,Mobile,836
169,5/21/20 0:40,Mobile,837
152,11/30/21 21:59,Mobile,838
104,5/24/21 15:18,PC,839
90,9/14/21 18:50,Mobile,840
118,4/10/22 5:50,PC,841
45,3/27/22 8:33,PC,842
66,8/19/22 6:00,Mobile,843
184,12/23/22 6:28,Mobile,844
186,6/25/20 12:56,Mobile,845
142,1/26/21 5:16,Mobile,846
79,10/30/22 21:28,Mobile,847
99,11/18/21 10:16,PC,848
262,3/20/20 11:42,PC,849
107,4/24/22 7:00,Mobile,850
50,12/8/22 11:48,PC,851
73,2/22/20 16:12,PC,852
106,3/6/20 11:50,PC,853
228,10/18/21 8:38,PC,854
140,11/2/22 3:08,Mobile,855
192,7/28/22 8:05,PC,856
216,8/9/20 5:04,PC,857
255,8/22/22 10:07,Mobile,858
286,9/21/22 22:13,Mobile,859
71,3/21/20 17:53,Mobile,860
171,1/12/22 7:02,Mobile,861
95,10/1/22 4:40,Mobile,862
115,11/26/21 18:54,Mobile,863
243,6/7/20 11:47,PC,864
262,4/21/20 13:28,Mobile,865
200,7/19/21 22:12,Mobile,866
63,3/22/22 2:30,Mobile,867
143,6/25/22 13:21,PC,868
15,1/1/23 21:12,PC,869
50,6/12/20 7:23,PC,870
253,9/17/21 5:10,PC,871
287,1/23/21 3:11,Mobile,872
49,6/11/20 22:00,PC,873
47,11/15/22 18:10,Mobile,874
218,2/15/21 16:16,PC,875
279,2/1/23 12:07,Mobile,876
252,11/25/21 6:15,Mobile,877
159,7/29/22 2:00,Mobile,878
186,11/30/20 8:37,PC,879
122,11/23/20 5:08,Mobile,880
65,12/12/20 10:06,PC,881
177,2/9/22 7:15,PC,882
68,9/20/20 7:29,PC,883
82,6/2/22 2:11,PC,884
37,7/6/21 1:33,Mobile,885
212,9/18/22 6:41,Mobile,886
159,2/22/22 17:47,Mobile,887
273,3/16/20 20:16,Mobile,888
284,2/6/23 22:56,Mobile,889
140,5/9/20 18:02,PC,890
224,12/13/22 9:21,Mobile,891
36,1/3/21 3:31,PC,892
84,11/17/21 4:10,PC,893
75,9/20/20 7:29,Mobile,894
125,7/7/22 19:42,Mobile,895
97,12/26/21 0:35,Mobile,896
289,2/1/23 0:25,Mobile,897
167,8/2/20 1:22,Mobile,898
265,9/14/21 12:23,PC,899
24,5/6/22 21:27,PC,900
189,5/12/20 20:58,PC,901
38,6/15/21 6:45,PC,902
104,3/23/21 17:35,Mobile,903
199,10/21/20 6:44,PC,904
15,10/8/21 1:00,Mobile,905
132,12/2/22 8:40,PC,906
73,10/3/22 10:32,PC,907
271,2/8/23 17:06,Mobile,908
188,11/19/20 17:00,PC,909
126,10/7/21 23:59,Mobile,910
264,1/3/22 18:31,PC,911
110,12/16/21 0:16,Mobile,912
99,9/21/21 6:07,PC,913
70,10/30/21 8:29,Mobile,914
70,11/19/22 6:21,Mobile,915
280,9/29/22 12:50,Mobile,916
139,3/1/21 6:08,PC,917
217,4/14/20 6:16,PC,918
76,11/28/20 7:19,PC,919
247,5/28/21 23:34,PC,920
68,2/28/20 17:52,PC,921
167,11/23/22 16:13,Mobile,922
126,9/24/21 0:13,Mobile,923
5,7/23/20 22:07,Mobile,924
3,6/30/21 22:59,PC,925
129,12/7/22 19:02,Mobile,926
2,7/28/22 16:14,PC,927
86,9/17/22 18:01,PC,928
95,2/15/23 13:29,Mobile,929
32,12/18/21 14:46,PC,930
89,12/23/21 9:45,PC,931
10,1/20/22 3:42,Mobile,932
195,6/20/21 5:32,PC,933
146,8/1/20 11:11,Mobile,934
18,12/26/22 20:48,Mobile,935
248,2/5/22 19:23,Mobile,936
13,8/14/22 22:38,Mobile,937
300,3/1/21 2:11,PC,938
141,6/16/21 18:54,PC,939
282,5/11/20 13:19,PC,940
277,11/21/20 8:27,Mobile,941
258,3/20/20 19:27,Mobile,942
51,1/31/23 22:41,Mobile,943
196,12/24/21 19:07,PC,944
288,10/15/21 15:49,Mobile,945
16,4/4/21 19:07,Mobile,946
61,8/28/22 22:19,PC,947
17,4/10/20 14:53,PC,948
233,3/22/21 9:56,PC,949
188,1/24/21 10:18,Mobile,950
23,2/12/21 16:51,PC,951
256,3/20/22 14:58,PC,952
199,1/29/23 11:10,PC,953
266,3/4/20 10:25,PC,954
170,2/11/22 18:06,Mobile,955
152,2/23/22 7:14,Mobile,956
234,10/3/21 19:18,PC,957
137,5/26/20 5:00,Mobile,958
248,7/3/22 10:54,Mobile,959
61,7/10/21 11:03,Mobile,960
80,2/25/20 18:46,PC,961
52,3/14/20 0:14,Mobile,962
182,5/25/21 4:17,Mobile,963
10,1/30/21 19:36,Mobile,964
239,7/11/22 18:09,PC,965
259,8/20/20 4:01,PC,966
112,3/11/20 17:36,PC,967
181,1/26/23 10:51,Mobile,968
229,1/30/22 0:12,Mobile,969
166,4/28/20 1:20,PC,970
67,7/14/21 22:28,PC,971
134,3/27/22 14:42,PC,972
291,11/5/20 10:19,PC,973
34,8/27/22 13:19,PC,974
202,5/8/22 9:05,Mobile,975
49,2/20/20 4:57,PC,976
116,4/20/20 4:22,PC,977
110,8/14/21 7:36,Mobile,978
28,7/11/22 17:46,Mobile,979
277,10/23/22 8:46,Mobile,980
1,6/18/21 2:13,Mobile,981
235,5/4/20 6:33,Mobile,982
281,1/3/23 19:09,PC,983
53,3/28/20 10:31,PC,984
240,4/7/21 5:04,Mobile,985
38,3/22/21 16:46,PC,986
202,11/28/20 19:47,PC,987
222,6/5/21 21:34,Mobile,988
29,5/22/20 1:16,PC,989
25,9/21/21 1:28,Mobile,990
12,8/19/22 17:25,PC,991
30,8/4/22 0:04,PC,992
182,1/17/21 13:01,PC,993
99,8/3/21 23:30,Mobile,994
4,5/8/21 1:49,Mobile,995
28,4/6/21 0:13,Mobile,996
114,1/2/22 1:43,PC,997
279,4/17/22 13:41,PC,998
285,12/19/20 10:31,PC,999
192,9/14/22 17:28,PC,1000
113,8/20/21 16:23,PC,1001
184,2/7/21 8:05,PC,1002
39,8/28/22 23:15,PC,1003
114,12/17/21 20:19,PC,1004
186,4/1/21 23:17,PC,1005
139,8/21/22 17:14,Mobile,1006
203,12/26/21 23:26,PC,1007
19,5/29/22 17:42,Mobile,1008
152,7/24/20 17:28,PC,1009
10,5/8/22 21:07,PC,1010
178,8/24/20 4:47,PC,1011
173,3/12/21 4:58,PC,1012
201,10/19/20 12:15,Mobile,1013
201,6/24/21 19:44,PC,1014
14,12/28/20 16:19,Mobile,1015
102,1/8/23 22:43,Mobile,1016
105,12/26/20 19:25,PC,1017
217,3/16/20 23:27,Mobile,1018
63,9/19/22 15:49,PC,1019
280,10/14/22 10:57,Mobile,1020
77,9/16/22 7:07,PC,1021
70,11/29/21 16:56,Mobile,1022
17,7/25/21 3:54,Mobile,1023
166,7/23/20 13:14,Mobile,1024
162,12/3/22 14:49,Mobile,1025
29,4/16/21 11:25,Mobile,1026
252,2/25/21 10:27,PC,1027
177,10/27/20 6:14,Mobile,1028
26,10/10/22 11:56,PC,1029
286,6/19/22 5:48,Mobile,1030
82,4/21/20 1:05,Mobile,1031
146,2/10/22 4:31,PC,1032
255,9/3/22 21:37,PC,1033
61,2/15/23 23:51,PC,1034
211,4/18/21 10:12,Mobile,1035
69,12/15/22 10:05,Mobile,1036
186,9/17/22 0:29,Mobile,1037
196,11/24/20 12:37,Mobile,1038
201,4/16/22 21:13,Mobile,1039
288,5/15/21 9:49,Mobile,1040
124,7/4/22 4:07,PC,1041
34,6/23/20 8:45,PC,1042
254,2/11/23 12:05,PC,1043
172,12/12/22 22:24,Mobile,1044
291,5/24/22 0:15,Mobile,1045
115,5/5/20 18:57,PC,1046
238,9/14/21 12:59,PC,1047
68,8/27/20 5:28,PC,1048
9,7/16/22 19:54,PC,1049
267,12/10/22 9:46,Mobile,1050
59,4/4/21 22:34,Mobile,1051
146,1/18/23 8:58,Mobile,1052
45,1/11/21 17:01,PC,1053
280,6/25/22 20:46,PC,1054
11,12/27/21 21:45,PC,1055
271,1/20/22 13:50,Mobile,1056
114,8/22/21 17:55,Mobile,1057
294,3/17/20 11:09,PC,1058
49,9/28/21 3:09,Mobile,1059
186,3/17/21 12:07,Mobile,1060
215,11/17/20 21:48,Mobile,1061
189,5/30/20 4:00,PC,1062
154,2/15/22 4:22,Mobile,1063
205,1/12/22 0:26,PC,1064
208,5/15/20 18:39,Mobile,1065
146,4/21/21 7:33,PC,1066
42,12/10/21 23:20,Mobile,1067
184,4/6/21 9:14,PC,1068
198,7/30/20 10:52,Mobile,1069
138,4/30/20 21:59,Mobile,1070
274,11/30/21 4:02,Mobile,1071
138,7/1/22 16:19,Mobile,1072
144,12/23/20 6:46,PC,1073
245,11/30/21 22:37,Mobile,1074
185,11/17/22 4:03,Mobile,1075
58,1/19/22 12:19,Mobile,1076
188,10/25/21 14:56,PC,1077
270,4/8/21 23:06,Mobile,1078
136,5/2/22 18:58,PC,1079
67,10/21/22 18:49,PC,1080
229,5/20/20 13:43,Mobile,1081
259,4/29/22 10:26,Mobile,1082
48,2/27/21 0:51,PC,1083
97,12/28/22 2:50,PC,1084
201,5/30/21 14:57,PC,1085
187,10/28/21 21:14,Mobile,1086
139,12/16/21 23:03,PC,1087
187,10/28/20 19:12,PC,1088
166,7/27/21 22:29,Mobile,1089
138,7/6/22 8:38,PC,1090
202,8/4/20 16:13,PC,1091
56,2/1/22 4:53,PC,1092
192,12/26/21 14:31,Mobile,1093
19,1/3/21 15:56,PC,1094
225,11/29/21 9:22,Mobile,1095
138,3/4/21 14:02,Mobile,1096
167,6/23/22 11:35,Mobile,1097
248,11/16/20 6:08,PC,1098
55,8/8/22 18:40,PC,1099
281,4/4/22 22:29,Mobile,1100
149,10/19/22 14:17,PC,1101
162,5/19/20 0:08,Mobile,1102
225,11/22/22 0:55,PC,1103
61,9/22/22 22:27,PC,1104
183,10/5/22 4:31,Mobile,1105
40,5/13/21 10:21,PC,1106
37,10/31/20 20:08,Mobile,1107
110,12/19/22 11:32,PC,1108
197,12/25/20 3:27,Mobile,1109
184,9/23/20 0:01,Mobile,1110
265,2/7/23 20:37,Mobile,1111
289,6/10/21 4:55,PC,1112
222,8/20/22 21:10,PC,1113
291,11/29/21 14:20,PC,1114
277,5/27/20 10:59,PC,1115
2,9/2/21 20:36,Mobile,1116
269,4/15/20 20:56,Mobile,1117
53,6/22/20 6:48,Mobile,1118
187,1/23/22 10:13,Mobile,1119
226,11/7/20 11:31,PC,1120
263,2/10/23 4:37,PC,1121
290,11/17/21 21:28,PC,1122
8,7/13/20 19:17,Mobile,1123
204,4/17/21 8:07,PC,1124
74,10/28/21 4:42,PC,1125
4,3/20/20 0:12,PC,1126
178,1/14/21 12:10,PC,1127
20,10/28/21 20:24,PC,1128
151,5/24/22 5:01,Mobile,1129
190,5/16/21 23:04,Mobile,1130
86,1/4/21 13:49,Mobile,1131
190,7/11/20 16:28,PC,1132
84,2/27/20 21:23,PC,1133
78,4/14/21 2:22,Mobile,1134
263,3/1/20 15:15,PC,1135
10,11/4/21 14:56,Mobile,1136
193,1/8/21 22:27,Mobile,1137
25,3/21/21 2:59,PC,1138
22,4/22/21 15:24,Mobile,1139
122,1/20/22 13:02,PC,1140
28,11/10/21 12:08,Mobile,1141
268,1/4/23 21:06,PC,1142
265,1/3/22 18:04,PC,1143
75,1/7/21 19:33,Mobile,1144
209,10/4/22 20:18,Mobile,1145
248,1/14/22 16:20,PC,1146
227,9/6/22 22:24,PC,1147
189,12/15/20 5:16,Mobile,1148
134,10/16/21 0:36,Mobile,1149
169,12/6/21 21:01,Mobile,1150
191,1/27/22 3:56,Mobile,1151
182,2/12/21 10:36,Mobile,1152
149,9/19/20 14:21,PC,1153
229,3/13/20 13:24,Mobile,1154
105,3/5/21 8:27,PC,1155
162,7/30/20 21:54,PC,1156
28,10/20/21 12:14,PC,1157
3,9/25/21 2:44,PC,1158
18,9/20/21 16:33,Mobile,1159
287,2/25/20 19:57,Mobile,1160
237,6/29/21 21:03,PC,1161
173,12/2/20 21:39,Mobile,1162
151,5/4/21 23:57,PC,1163
8,2/3/22 18:32,PC,1164
75,6/25/21 1:04,Mobile,1165
180,7/8/22 1:38,Mobile,1166
155,10/5/20 13:13,PC,1167
8,11/11/20 3:54,Mobile,1168
96,9/16/20 14:53,PC,1169
176,5/10/22 0:55,PC,1170
33,2/26/21 15:16,PC,1171
55,3/1/21 20:01,Mobile,1172
154,2/29/20 5:55,PC,1173
63,7/19/21 5:07,Mobile,1174
97,3/16/22 9:36,PC,1175
5,11/15/22 17:10,Mobile,1176
164,4/5/21 11:33,Mobile,1177
75,2/6/23 8:57,Mobile,1178
47,4/29/20 11:33,PC,1179
264,2/16/21 21:28,Mobile,1180
163,8/14/21 8:02,Mobile,1181
202,4/30/22 17:15,Mobile,1182
250,4/3/22 5:35,PC,1183
46,10/20/21 21:05,PC,1184
25,5/22/20 14:47,PC,1185
179,6/2/20 11:02,Mobile,1186
157,5/11/21 12:48,Mobile,1187
200,3/18/21 19:48,PC,1188
104,1/20/22 13:26,Mobile,1189
11,4/17/21 20:36,Mobile,1190
18,9/7/20 0:05,Mobile,1191
278,8/23/22 12:21,Mobile,1192
20,3/28/20 10:10,PC,1193
271,8/2/22 21:55,PC,1194
286,8/30/21 7:21,Mobile,1195
228,1/29/21 14:39,PC,1196
156,12/1/21 22:31,PC,1197
248,9/18/21 18:59,PC,1198
132,10/22/22 4:23,Mobile,1199
10,1/5/22 14:21,PC,1200
143,7/1/21 7:25,Mobile,1201
70,8/8/20 8:06,PC,1202
116,9/17/20 8:03,Mobile,1203
68,1/16/21 17:05,Mobile,1204
170,10/29/22 10:16,Mobile,1205
40,6/14/22 10:25,Mobile,1206
201,12/5/20 7:01,PC,1207
255,11/21/20 20:17,PC,1208
187,12/29/21 14:31,Mobile,1209
133,3/26/21 16:58,Mobile,1210
137,4/28/22 8:53,PC,1211
169,10/1/22 1:37,Mobile,1212
38,12/4/21 3:07,PC,1213
237,2/9/22 9:27,PC,1214
135,7/23/20 3:05,PC,1215
40,2/18/22 13:39,Mobile,1216
272,5/14/20 20:35,PC,1217
112,5/31/22 19:58,PC,1218
38,12/18/22 16:33,PC,1219
94,8/16/20 10:07,Mobile,1220
213,8/23/21 7:48,PC,1221
26,6/14/22 13:23,Mobile,1222
223,6/25/21 22:43,Mobile,1223
45,3/26/20 7:42,PC,1224
130,6/10/22 15:56,PC,1225
40,7/1/22 16:51,PC,1226
241,2/8/22 18:17,Mobile,1227
23,12/24/20 11:01,Mobile,1228
39,2/6/22 14:56,PC,1229
119,5/28/22 11:03,PC,1230
191,11/28/21 20:44,Mobile,1231
207,11/11/21 21:53,PC,1232
137,12/24/21 10:41,Mobile,1233
291,7/15/20 19:38,Mobile,1234
10,4/6/20 0:19,Mobile,1235
148,3/12/20 2:25,Mobile,1236
104,9/30/21 4:41,Mobile,1237
95,3/18/21 19:05,Mobile,1238
291,11/21/20 5:58,Mobile,1239
272,12/13/21 20:20,Mobile,1240
118,7/26/22 17:30,Mobile,1241
114,12/6/21 18:28,PC,1242
260,5/24/20 9:28,Mobile,1243
236,1/14/22 23:50,Mobile,1244
56,1/3/23 9:27,Mobile,1245
88,3/27/22 19:01,PC,1246
2,3/28/21 5:22,PC,1247
270,11/15/21 22:35,Mobile,1248
278,10/5/20 15:49,PC,1249
42,6/29/21 8:27,Mobile,1250
108,12/29/20 12:02,PC,1251
246,9/22/21 14:30,PC,1252
43,10/17/21 20:20,Mobile,1253
48,6/26/21 22:54,PC,1254
171,7/5/21 3:41,Mobile,1255
55,2/21/21 10:32,PC,1256
92,5/1/20 5:06,PC,1257
154,6/10/22 4:47,Mobile,1258
90,5/14/22 19:49,Mobile,1259
103,6/21/22 16:15,PC,1260
63,10/19/21 2:10,PC,1261
189,11/14/22 19:41,PC,1262
37,5/27/21 9:30,Mobile,1263
290,2/1/22 16:01,Mobile,1264
100,6/21/21 16:19,PC,1265
276,7/8/20 4:02,Mobile,1266
12,1/24/21 20:27,Mobile,1267
217,12/16/22 4:26,Mobile,1268
41,5/12/21 21:25,Mobile,1269
134,10/29/20 0:28,PC,1270
81,1/14/22 19:14,Mobile,1271
249,12/6/21 14:45,PC,1272
138,8/2/22 7:12,PC,1273
254,11/11/20 4:58,Mobile,1274
254,10/26/20 23:33,Mobile,1275
45,9/22/21 4:54,PC,1276
217,9/27/20 17:54,PC,1277
231,6/22/22 23:00,Mobile,1278
177,9/24/20 8:39,PC,1279
109,8/5/21 2:52,Mobile,1280
240,8/12/22 1:09,PC,1281
286,4/17/22 9:50,PC,1282
93,12/24/22 19:30,Mobile,1283
88,12/18/22 7:58,Mobile,1284
298,9/29/22 4:00,PC,1285
296,3/6/20 0:11,PC,1286
210,7/8/20 12:52,Mobile,1287
205,9/7/22 9:18,Mobile,1288
199,6/9/21 7:41,PC,1289
204,5/25/21 11:42,PC,1290
216,10/21/20 19:33,Mobile,1291
192,5/25/20 0:30,Mobile,1292
240,12/23/20 17:30,Mobile,1293
258,3/16/20 4:08,PC,1294
18,1/30/21 10:42,Mobile,1295
34,10/12/20 0:30,Mobile,1296
262,3/21/20 8:03,PC,1297
217,1/13/21 7:58,Mobile,1298
147,7/13/21 7:19,PC,1299
181,2/22/20 22:09,PC,1300
12,5/31/21 6:10,PC,1301
248,8/5/21 9:15,Mobile,1302
235,12/7/22 23:10,PC,1303
203,5/20/20 14:14,Mobile,1304
1,9/21/21 16:36,PC,1305
111,7/12/21 13:13,Mobile,1306
244,3/4/21 4:14,Mobile,1307
166,7/5/21 5:45,Mobile,1308
253,8/21/22 3:11,Mobile,1309
234,9/25/21 17:09,PC,1310
13,7/2/22 3:39,Mobile,1311
25,12/8/22 0:35,Mobile,1312
73,5/27/20 13:14,PC,1313
62,2/5/23 20:53,PC,1314
229,7/8/21 17:52,Mobile,1315
122,1/7/22 18:50,Mobile,1316
160,6/2/22 6:16,Mobile,1317
194,1/28/23 21:26,Mobile,1318
222,8/17/21 20:45,Mobile,1319
215,3/29/21 7:21,Mobile,1320
155,10/6/20 0:05,Mobile,1321
89,8/29/22 17:49,PC,1322
186,4/10/21 11:08,Mobile,1323
6,3/11/20 21:25,PC,1324
227,4/7/22 19:08,Mobile,1325
73,3/20/21 16:19,Mobile,1326
6,3/20/22 5:37,Mobile,1327
3,10/16/20 20:25,Mobile,1328
150,7/18/21 9:59,PC,1329
217,7/5/22 9:07,Mobile,1330
170,1/1/21 6:27,Mobile,1331
210,3/11/21 3:37,PC,1332
175,12/13/22 0:08,PC,1333
104,1/24/21 16:50,PC,1334
173,2/21/21 9:50,PC,1335
140,10/22/21 4:15,Mobile,1336
4,7/20/22 9:50,Mobile,1337
146,7/10/21 7:48,PC,1338
93,4/17/20 10:56,PC,1339
289,8/15/21 6:19,Mobile,1340
235,6/21/21 2:52,Mobile,1341
55,8/29/20 1:42,PC,1342
131,7/18/22 9:52,PC,1343
224,3/3/21 13:52,PC,1344
177,1/23/23 17:51,Mobile,1345
152,1/6/21 11:07,Mobile,1346
69,1/4/21 15:47,Mobile,1347
194,8/14/22 0:13,PC,1348
19,9/8/21 16:23,PC,1349
292,7/21/21 4:04,Mobile,1350
243,7/30/20 13:22,PC,1351
135,5/20/22 11:34,Mobile,1352
266,4/28/21 11:46,Mobile,1353
167,4/16/21 17:35,PC,1354
103,8/6/21 13:07,Mobile,1355
129,3/3/21 10:58,Mobile,1356
240,12/28/20 21:35,Mobile,1357
155,1/12/23 20:17,Mobile,1358
87,2/26/20 18:36,PC,1359
90,9/17/22 3:32,Mobile,1360
213,10/10/20 14:07,Mobile,1361
73,11/27/22 9:30,PC,1362
127,10/18/21 4:06,Mobile,1363
41,3/2/22 6:39,PC,1364
89,4/28/22 22:19,Mobile,1365
116,7/3/21 14:41,Mobile,1366
257,11/20/21 23:05,PC,1367
183,6/4/22 6:59,Mobile,1368
127,1/17/23 11:02,Mobile,1369
280,5/18/22 13:54,PC,1370
12,1/14/21 17:40,Mobile,1371
207,5/3/20 6:04,Mobile,1372
106,9/6/20 4:26,PC,1373
150,4/15/20 0:29,PC,1374
20,5/14/22 18:32,Mobile,1375
117,11/29/20 8:44,PC,1376
298,8/6/20 19:11,Mobile,1377
83,5/10/20 14:10,Mobile,1378
13,11/7/20 12:36,Mobile,1379
282,3/29/20 5:56,Mobile,1380
79,8/8/22 3:13,Mobile,1381
257,1/27/23 15:25,PC,1382
56,12/22/21 3:27,Mobile,1383
158,2/26/21 23:23,Mobile,1384
227,9/7/20 17:01,Mobile,1385
28,1/9/22 8:30,PC,1386
34,3/21/21 6:29,Mobile,1387
198,9/26/22 7:44,PC,1388
194,5/30/20 16:24,PC,1389
37,6/20/21 5:24,PC,1390
223,1/16/23 14:33,PC,1391
147,11/27/20 19:16,Mobile,1392
288,4/16/20 7:13,Mobile,1393
290,5/1/21 14:15,PC,1394
131,10/30/20 1:32,PC,1395
287,4/23/21 22:19,Mobile,1396
250,11/23/20 4:43,PC,1397
168,3/10/21 20:53,Mobile,1398
173,6/12/20 6:06,Mobile,1399
66,10/5/22 17:29,PC,1400
49,5/9/22 0:50,Mobile,1401
246,1/12/21 14:32,PC,1402
135,9/13/20 9:56,Mobile,1403
101,12/31/20 8:05,Mobile,1404
246,12/5/20 9:03,Mobile,1405
19,10/16/20 11:33,PC,1406
49,9/10/21 3:40,PC,1407
56,1/15/21 13:26,PC,1408
69,10/24/20 13:37,PC,1409
234,4/2/21 19:19,PC,1410
13,7/11/20 13:46,PC,1411
249,8/6/21 14:20,Mobile,1412
52,12/11/20 3:48,PC,1413
51,9/23/20 0:33,Mobile,1414
287,11/24/20 20:02,Mobile,1415
138,8/11/22 15:36,PC,1416
79,9/8/22 16:32,PC,1417
4,10/6/21 4:24,Mobile,1418
145,9/19/21 1:36,Mobile,1419
146,12/18/22 19:42,PC,1420
78,7/27/21 15:03,Mobile,1421
276,1/13/23 0:57,PC,1422
118,5/15/22 4:58,PC,1423
52,2/18/20 15:26,Mobile,1424
176,8/2/22 14:31,PC,1425
10,9/5/22 21:36,Mobile,1426
158,4/21/20 20:51,Mobile,1427
135,10/24/22 11:32,Mobile,1428
239,11/23/20 15:50,PC,1429
214,9/29/22 12:33,PC,1430
241,8/14/20 13:36,Mobile,1431
29,5/2/20 17:31,Mobile,1432
219,7/11/20 21:28,Mobile,1433
70,6/20/20 4:54,PC,1434
136,11/11/21 17:49,PC,1435
159,8/8/20 4:00,Mobile,1436
14,7/13/22 7:35,Mobile,1437
111,6/27/20 14:47,PC,1438
154,10/16/21 22:05,PC,1439
171,2/23/20 22:28,PC,1440
12,12/28/22 16:42,Mobile,1441
193,6/15/21 13:01,PC,1442
143,4/25/22 12:30,Mobile,1443
207,12/4/21 4:26,PC,1444
56,12/25/22 0:43,PC,1445
234,11/25/21 19:28,PC,1446
194,5/14/21 11:41,PC,1447
108,5/25/21 4:07,PC,1448
125,6/10/21 13:42,PC,1449
66,5/4/22 13:36,PC,1450
170,1/20/23 15:42,PC,1451
11,2/4/22 9:17,PC,1452
282,9/4/22 13:50,PC,1453
65,6/18/22 18:03,Mobile,1454
226,12/1/22 8:43,Mobile,1455
177,6/27/22 2:06,PC,1456
267,12/30/20 6:43,Mobile,1457
17,4/30/20 7:29,Mobile,1458
294,6/7/22 12:19,PC,1459
160,6/10/22 5:29,Mobile,1460
103,4/22/21 3:46,Mobile,1461
203,2/11/21 3:09,Mobile,1462
43,3/7/20 15:16,Mobile,1463
44,4/12/20 10:31,PC,1464
290,6/23/20 23:00,Mobile,1465
177,12/17/20 9:00,PC,1466
204,12/14/20 23:37,Mobile,1467
97,5/23/22 17:45,Mobile,1468
159,11/24/21 5:17,Mobile,1469
205,10/3/20 22:33,Mobile,1470
193,11/11/21 9:18,PC,1471
171,10/11/20 8:12,PC,1472
280,11/7/20 18:43,Mobile,1473
203,9/5/20 18:08,PC,1474
182,6/9/20 3:10,Mobile,1475
42,5/2/22 11:05,PC,1476
57,4/8/20 0:29,PC,1477
262,6/22/21 14:32,Mobile,1478
278,12/7/21 7:03,Mobile,1479
170,8/11/21 14:15,Mobile,1480
203,11/18/21 1:41,Mobile,1481
104,9/19/22 17:33,PC,1482
272,1/2/21 12:26,Mobile,1483
65,1/11/22 8:46,Mobile,1484
253,10/25/21 10:35,PC,1485
168,11/11/21 1:06,PC,1486
2,4/27/20 23:03,Mobile,1487
61,9/3/20 12:14,Mobile,1488
92,3/1/20 17:55,Mobile,1489
33,2/15/21 23:08,Mobile,1490
39,2/9/21 16:34,PC,1491
97,5/6/20 3:28,Mobile,1492
255,8/3/21 12:01,Mobile,1493
207,9/16/20 9:20,PC,1494
147,3/2/21 17:32,PC,1495
96,1/14/21 0:00,Mobile,1496
81,6/9/22 2:33,PC,1497
248,8/11/20 7:06,PC,1498
104,2/2/23 5:22,Mobile,1499
4,2/11/22 9:08,Mobile,1500
127,10/1/21 6:08,PC,1501
81,12/7/20 2:49,Mobile,1502
229,6/9/21 14:35,Mobile,1503
192,3/12/21 1:42,Mobile,1504
30,10/13/22 7:17,Mobile,1505
169,11/22/22 14:56,Mobile,1506
144,3/16/20 1:02,Mobile,1507
94,9/11/21 21:00,Mobile,1508
75,1/16/23 16:41,Mobile,1509
151,2/3/22 14:49,Mobile,1510
207,6/17/20 14:52,PC,1511
20,9/21/21 8:53,PC,1512
230,2/17/21 18:10,PC,1513
74,11/14/22 6:25,Mobile,1514
195,2/10/22 4:09,Mobile,1515
135,12/16/22 21:46,Mobile,1516
259,2/6/21 17:51,PC,1517
104,11/4/20 8:28,PC,1518
137,12/30/22 13:42,PC,1519
5,3/28/21 9:17,PC,1520
43,10/15/22 15:46,Mobile,1521
58,11/2/20 6:15,Mobile,1522
176,7/10/20 6:10,PC,1523
202,4/10/22 7:18,PC,1524
49,8/8/21 1:33,Mobile,1525
76,8/14/22 12:09,PC,1526
209,1/6/23 3:04,PC,1527
30,7/3/20 20:24,PC,1528
139,11/11/21 22:13,Mobile,1529
125,5/10/22 0:56,Mobile,1530
147,9/21/21 14:52,PC,1531
47,6/5/20 23:54,PC,1532
58,7/21/20 11:12,PC,1533
96,5/5/21 4:25,PC,1534
242,5/2/21 2:07,Mobile,1535
40,1/21/23 18:14,PC,1536
25,8/5/21 12:14,Mobile,1537
247,4/19/22 4:48,Mobile,1538
156,6/13/21 5:09,PC,1539
200,10/22/20 16:08,Mobile,1540
161,8/13/22 21:03,PC,1541
173,6/19/20 9:39,Mobile,1542
36,10/16/22 20:19,PC,1543
30,10/26/21 8:32,PC,1544
280,4/8/20 16:22,PC,1545
180,11/8/22 17:01,PC,1546
195,8/21/21 1:29,PC,1547
268,12/11/22 7:06,PC,1548
74,1/13/21 16:41,Mobile,1549
185,2/3/22 14:45,PC,1550
175,12/1/22 5:35,PC,1551
175,5/14/20 19:33,PC,1552
45,1/11/21 23:33,Mobile,1553
169,5/25/21 1:46,Mobile,1554
186,8/26/21 17:56,PC,1555
227,6/20/21 8:07,Mobile,1556
162,2/15/22 4:36,Mobile,1557
95,7/27/21 0:39,Mobile,1558
1,5/1/21 20:33,Mobile,1559
237,7/19/21 16:11,PC,1560
152,6/24/20 6:12,PC,1561
46,9/5/21 5:20,Mobile,1562
160,1/28/23 5:10,Mobile,1563
92,6/17/21 16:55,PC,1564
206,7/19/22 6:48,Mobile,1565
119,11/7/22 6:43,Mobile,1566
168,9/19/21 6:47,PC,1567
140,1/17/21 10:12,PC,1568
38,6/17/22 5:54,Mobile,1569
1,5/28/20 22:43,PC,1570
23,5/7/20 17:49,PC,1571
150,3/28/20 10:19,Mobile,1572
153,7/3/21 1:50,PC,1573
30,5/11/20 10:12,PC,1574
237,9/11/21 11:25,Mobile,1575
41,6/19/20 2:46,PC,1576
64,11/7/21 11:20,Mobile,1577
249,7/9/21 19:50,Mobile,1578
93,12/28/21 21:33,PC,1579
200,5/6/22 6:26,Mobile,1580
271,5/15/20 17:13,Mobile,1581
266,2/12/23 8:01,Mobile,1582
27,3/26/20 17:17,Mobile,1583
166,10/26/22 2:08,PC,1584
102,2/26/22 10:58,Mobile,1585
300,11/28/22 5:12,PC,1586
221,8/17/20 12:00,PC,1587
155,6/16/22 2:02,Mobile,1588
57,10/25/20 16:36,Mobile,1589
19,2/16/22 10:20,Mobile,1590
86,1/29/23 7:00,PC,1591
202,11/1/22 8:50,PC,1592
217,10/17/20 21:52,Mobile,1593
32,11/23/20 0:36,PC,1594
291,2/7/23 10:08,PC,1595
7,3/6/20 11:00,PC,1596
101,11/27/21 22:30,Mobile,1597
169,10/4/20 17:02,PC,1598
195,6/18/22 8:23,Mobile,1599
122,3/9/21 22:58,Mobile,1600
60,8/7/22 18:05,PC,1601
36,7/30/22 16:30,Mobile,1602
113,7/23/20 5:03,PC,1603
7,6/3/20 13:11,PC,1604
18,2/10/21 21:45,Mobile,1605
11,11/17/21 17:03,PC,1606
102,2/11/23 23:12,Mobile,1607
255,3/7/21 22:40,Mobile,1608
274,10/11/22 13:25,PC,1609
239,10/9/21 14:39,Mobile,1610
7,10/13/21 21:49,Mobile,1611
61,3/30/20 3:59,PC,1612
261,7/20/21 13:14,PC,1613
281,4/9/21 23:51,PC,1614
183,1/22/21 8:06,PC,1615
94,3/28/20 2:30,Mobile,1616
74,4/3/22 13:43,PC,1617
207,1/5/21 5:53,PC,1618
113,6/20/21 13:28,PC,1619
92,6/21/21 19:15,Mobile,1620
153,4/28/22 21:40,PC,1621
238,9/4/21 1:08,PC,1622
145,1/15/21 7:24,Mobile,1623
286,12/1/21 10:25,Mobile,1624
173,1/29/23 23:30,Mobile,1625
176,9/8/20 11:09,Mobile,1626
260,7/28/20 22:38,Mobile,1627
227,6/10/20 16:43,Mobile,1628
173,7/19/22 1:23,PC,1629
89,10/7/21 18:01,Mobile,1630
2,5/1/20 10:24,Mobile,1631
11,9/4/20 15:43,Mobile,1632
152,4/21/22 12:56,PC,1633
160,2/16/23 1:50,PC,1634
106,11/18/22 0:22,PC,1635
203,6/29/21 1:58,PC,1636
173,10/9/22 7:24,PC,1637
180,12/11/20 16:51,Mobile,1638
144,10/29/22 16:16,PC,1639
39,11/27/21 23:44,Mobile,1640
252,9/6/22 22:33,Mobile,1641
288,7/19/21 8:54,Mobile,1642
291,10/8/20 12:03,Mobile,1643
60,4/14/22 4:06,Mobile,1644
38,2/2/21 8:57,Mobile,1645
143,5/20/22 7:49,PC,1646
66,7/21/21 15:15,PC,1647
297,8/6/22 23:39,PC,1648
201,1/10/21 20:14,PC,1649
187,1/7/21 11:01,PC,1650
81,2/21/21 9:58,Mobile,1651
157,6/20/21 23:30,Mobile,1652
131,11/30/20 4:47,PC,1653
283,7/29/20 10:29,Mobile,1654
71,1/1/23 12:27,Mobile,1655
93,9/18/22 15:58,PC,1656
161,6/16/22 17:06,PC,1657
171,2/16/21 7:08,PC,1658
203,6/29/21 15:05,Mobile,1659
115,5/31/22 13:46,PC,1660
264,12/18/20 16:28,Mobile,1661
175,11/20/20 19:46,Mobile,1662
46,7/1/21 0:40,PC,1663
268,1/6/23 1:21,Mobile,1664
234,11/13/22 1:23,Mobile,1665
201,8/1/20 8:16,PC,1666
26,3/28/21 14:20,Mobile,1667
265,6/21/21 21:08,Mobile,1668
222,8/12/20 21:48,PC,1669
257,12/17/22 7:43,Mobile,1670
78,1/29/21 8:50,PC,1671
111,5/3/22 15:31,PC,1672
224,9/2/21 8:00,Mobile,1673
228,11/25/21 7:05,Mobile,1674
144,12/29/21 12:31,Mobile,1675
167,9/20/20 9:38,PC,1676
140,3/16/20 17:18,PC,1677
13,11/18/21 10:37,PC,1678
121,2/3/21 0:57,PC,1679
50,5/24/21 23:05,PC,1680
101,10/30/20 18:53,PC,1681
276,8/27/20 9:10,Mobile,1682
57,9/15/21 10:31,Mobile,1683
156,7/28/22 9:29,PC,1684
40,3/6/22 0:29,PC,1685
79,5/26/20 22:08,Mobile,1686
125,7/11/21 12:21,PC,1687
246,1/21/21 23:34,PC,1688
26,12/6/20 22:26,PC,1689
187,4/27/21 12:06,Mobile,1690
233,11/27/21 1:58,PC,1691
6,4/27/21 6:57,PC,1692
189,3/15/20 4:34,Mobile,1693
23,8/4/22 15:14,PC,1694
132,2/11/22 21:58,Mobile,1695
26,5/5/22 2:21,Mobile,1696
204,8/16/20 20:32,Mobile,1697
215,12/25/21 19:23,Mobile,1698
200,3/14/21 16:35,Mobile,1699
298,10/4/21 9:30,Mobile,1700
173,6/2/21 15:42,Mobile,1701
219,11/8/22 14:39,PC,1702
66,3/22/20 5:47,Mobile,1703
110,10/30/22 6:33,Mobile,1704
290,2/5/23 9:30,PC,1705
33,2/6/23 0:18,Mobile,1706
198,7/6/20 5:35,PC,1707
82,4/14/22 19:38,PC,1708
158,6/28/22 11:06,PC,1709
66,4/24/22 2:35,Mobile,1710
203,9/30/20 0:14,Mobile,1711
79,12/29/22 21:19,Mobile,1712
60,6/14/20 2:41,Mobile,1713
280,6/21/21 17:13,Mobile,1714
112,4/6/20 6:05,PC,1715
177,5/14/22 21:10,Mobile,1716
295,12/23/22 5:45,Mobile,1717
186,10/17/22 12:54,PC,1718
225,9/26/20 3:05,Mobile,1719
120,1/4/23 6:55,PC,1720
258,12/27/22 19:35,PC,1721
232,5/30/22 14:24,Mobile,1722
46,1/10/21 11:04,Mobile,1723
54,3/22/20 13:44,PC,1724
204,3/26/22 14:15,Mobile,1725
131,6/12/21 16:41,PC,1726
150,2/18/21 21:24,PC,1727
70,10/16/20 5:21,PC,1728
85,5/10/22 14:58,PC,1729
213,4/6/21 3:12,Mobile,1730
288,6/8/21 11:42,Mobile,1731
231,3/12/21 0:07,Mobile,1732
34,11/27/21 5:24,PC,1733
132,2/16/22 2:06,PC,1734
272,5/2/22 19:29,Mobile,1735
214,6/28/22 19:50,Mobile,1736
84,12/10/20 12:05,PC,1737
280,5/15/22 19:31,PC,1738
83,9/10/20 8:51,Mobile,1739
62,7/23/22 11:35,Mobile,1740
274,5/9/20 7:34,PC,1741
10,12/3/20 18:23,Mobile,1742
163,8/8/21 17:07,PC,1743
103,12/8/21 7:54,PC,1744
99,7/11/21 15:46,Mobile,1745
141,7/5/20 18:42,PC,1746
47,1/11/21 16:00,PC,1747
78,5/20/21 18:11,PC,1748
186,2/16/22 9:01,PC,1749
295,12/18/20 4:22,PC,1750
201,3/12/21 23:11,PC,1751
21,6/12/20 19:59,Mobile,1752
142,7/24/22 11:56,PC,1753
146,3/19/21 20:11,Mobile,1754
101,3/17/20 21:37,PC,1755
124,3/13/20 4:29,PC,1756
134,4/11/22 8:49,PC,1757
291,11/7/21 1:01,Mobile,1758
147,11/16/22 12:17,Mobile,1759
133,5/16/21 20:36,PC,1760
23,8/31/22 23:04,PC,1761
28,1/17/23 14:12,PC,1762
267,2/11/22 19:39,Mobile,1763
32,7/9/21 23:22,PC,1764
87,6/23/22 16:35,PC,1765
131,8/31/21 12:28,PC,1766
296,2/1/23 6:25,PC,1767
1,2/1/22 11:53,PC,1768
51,9/9/22 1:59,PC,1769
111,4/28/22 18:11,Mobile,1770
165,5/11/20 15:38,Mobile,1771
273,2/4/23 12:20,Mobile,1772
100,6/24/20 2:07,Mobile,1773
94,10/12/20 8:21,Mobile,1774
148,3/2/21 13:01,PC,1775
42,11/16/20 2:23,PC,1776
209,11/28/22 17:30,PC,1777
164,3/8/22 12:32,Mobile,1778
215,10/3/21 21:07,PC,1779
251,12/3/20 4:24,Mobile,1780
45,8/14/22 6:03,Mobile,1781
288,11/11/21 23:34,PC,1782
282,3/25/21 17:42,Mobile,1783
105,1/6/23 5:37,Mobile,1784
53,10/19/22 14:53,PC,1785
120,9/14/20 18:08,PC,1786
216,5/17/20 23:38,Mobile,1787
125,10/23/20 15:40,Mobile,1788
287,8/17/22 9:31,PC,1789
269,3/3/22 14:03,Mobile,1790
142,3/27/22 3:22,PC,1791
208,6/25/21 15:27,Mobile,1792
18,5/12/22 15:34,Mobile,1793
37,2/2/22 10:30,PC,1794
276,6/26/20 23:21,Mobile,1795
104,9/19/22 21:10,PC,1796
230,2/25/22 15:23,Mobile,1797
147,10/12/20 2:47,PC,1798
163,9/16/21 11:18,PC,1799
138,3/5/22 9:35,Mobile,1800
17,11/29/20 20:20,PC,1801
157,2/1/22 13:27,PC,1802
137,1/6/22 20:58,Mobile,1803
214,4/27/21 21:32,PC,1804
288,10/28/22 8:15,PC,1805
168,12/7/21 18:53,Mobile,1806
67,11/5/21 19:15,PC,1807
229,6/3/20 6:51,Mobile,1808
8,12/8/20 20:19,PC,1809
96,1/3/22 6:24,PC,1810
300,5/6/21 20:05,PC,1811
181,4/8/22 13:41,PC,1812
243,8/13/22 8:49,PC,1813
122,8/21/20 12:14,Mobile,1814
250,8/17/22 17:46,PC,1815
113,1/31/21 11:39,Mobile,1816
103,10/18/21 13:56,PC,1817
300,9/15/22 18:30,PC,1818
126,2/10/22 6:09,Mobile,1819
225,3/22/20 23:44,Mobile,1820
284,4/6/21 16:24,PC,1821
165,11/12/20 8:07,Mobile,1822
72,12/27/20 0:57,Mobile,1823
95,9/5/22 3:29,PC,1824
222,3/19/22 19:01,PC,1825
137,5/30/22 6:33,Mobile,1826
76,6/16/20 23:14,PC,1827
50,7/14/22 20:08,Mobile,1828
115,2/3/21 6:20,Mobile,1829
59,11/6/22 17:52,PC,1830
125,11/3/20 1:03,Mobile,1831
99,6/13/22 12:09,Mobile,1832
138,6/23/20 10:37,PC,1833
270,10/11/20 8:00,Mobile,1834
27,2/15/22 10:48,Mobile,1835
157,1/13/21 10:36,Mobile,1836
269,1/16/22 15:27,Mobile,1837
222,12/27/20 17:59,Mobile,1838
46,2/26/21 19:32,PC,1839
49,9/3/22 17:52,Mobile,1840
300,8/4/22 9:17,PC,1841
27,11/29/22 13:56,PC,1842
104,9/5/21 11:53,Mobile,1843
50,10/5/21 10:10,PC,1844
198,3/30/20 0:04,PC,1845
228,11/7/22 14:07,PC,1846
51,1/29/23 23:30,Mobile,1847
56,3/3/22 1:37,PC,1848
219,2/21/22 13:40,PC,1849
79,10/10/22 11:17,Mobile,1850
137,10/15/21 19:18,PC,1851
229,12/29/20 6:39,Mobile,1852
149,12/2/20 8:51,Mobile,1853
88,4/2/21 15:38,PC,1854
14,3/17/22 15:31,PC,1855
263,8/16/22 0:00,PC,1856
250,10/10/22 22:07,Mobile,1857
181,1/12/23 18:23,PC,1858
2,8/7/22 3:56,PC,1859
190,5/14/20 6:58,PC,1860
169,7/28/21 6:43,PC,1861
99,5/31/22 6:07,PC,1862
99,5/15/21 22:29,Mobile,1863
276,10/12/20 10:41,Mobile,1864
171,8/16/20 12:22,PC,1865
79,12/14/20 12:46,Mobile,1866
203,11/21/22 10:43,PC,1867
103,7/15/21 4:48,Mobile,1868
46,4/30/20 8:37,Mobile,1869
24,12/7/20 16:45,Mobile,1870
17,12/8/20 8:35,PC,1871
156,4/29/20 4:46,Mobile,1872
289,11/30/21 3:18,PC,1873
24,3/13/21 9:11,Mobile,1874
58,12/13/20 9:09,PC,1875
287,12/29/21 1:27,PC,1876
25,11/26/22 23:16,Mobile,1877
18,12/17/22 16:16,PC,1878
240,4/22/22 5:57,Mobile,1879
81,7/3/21 9:52,Mobile,1880
200,3/10/20 11:26,PC,1881
163,4/30/20 19:09,PC,1882
244,6/25/21 0:45,Mobile,1883
105,10/29/21 17:28,PC,1884
16,9/6/20 5:10,PC,1885
134,6/7/22 8:42,PC,1886
25,10/26/21 0:56,Mobile,1887
233,9/28/21 17:58,PC,1888
183,12/20/21 23:55,PC,1889
26,6/18/20 1:59,Mobile,1890
234,10/31/22 15:39,Mobile,1891
71,10/8/21 17:39,PC,1892
106,1/21/23 21:45,Mobile,1893
269,1/10/21 0:22,PC,1894
198,2/26/20 6:31,PC,1895
172,6/23/22 10:33,Mobile,1896
233,8/23/20 13:05,Mobile,1897
61,11/1/20 9:04,PC,1898
33,9/8/20 15:59,PC,1899
3,7/8/22 10:30,Mobile,1900
235,8/8/22 9:45,Mobile,1901
257,10/27/20 1:42,Mobile,1902
107,2/26/21 19:44,PC,1903
254,1/2/21 12:28,PC,1904
123,11/27/22 14:46,PC,1905
148,8/3/22 6:29,Mobile,1906
57,12/20/22 0:32,PC,1907
298,11/9/22 2:08,PC,1908
67,11/28/22 7:02,Mobile,1909
47,5/5/20 0:54,PC,1910
170,12/27/21 22:27,PC,1911
222,7/26/21 5:22,Mobile,1912
82,5/13/22 17:19,Mobile,1913
82,4/15/21 20:09,Mobile,1914
189,3/31/21 1:26,PC,1915
175,7/7/22 5:35,Mobile,1916
157,1/30/21 18:41,Mobile,1917
76,1/2/21 4:06,Mobile,1918
66,12/10/21 11:42,PC,1919
2,10/16/22 13:13,PC,1920
116,7/31/21 14:43,PC,1921
202,8/31/21 8:50,Mobile,1922
235,9/15/22 7:03,PC,1923
202,12/6/21 21:59,PC,1924
272,5/17/20 4:13,PC,1925
61,7/16/21 4:45,Mobile,1926
161,12/22/20 12:36,Mobile,1927
175,2/16/22 0:38,Mobile,1928
282,12/3/20 1:22,Mobile,1929
93,6/27/20 14:22,PC,1930
270,5/3/20 20:51,Mobile,1931
161,4/14/22 23:45,Mobile,1932
256,5/12/22 17:55,PC,1933
169,3/19/20 11:36,PC,1934
55,5/3/21 16:29,Mobile,1935
226,11/30/20 21:06,Mobile,1936
103,9/26/22 7:49,Mobile,1937
43,12/4/22 6:58,PC,1938
128,5/1/22 15:57,Mobile,1939
110,7/17/20 16:32,Mobile,1940
207,6/27/20 14:32,Mobile,1941
112,1/6/21 8:48,Mobile,1942
29,10/12/21 14:07,Mobile,1943
38,3/4/21 8:47,Mobile,1944
70,11/13/21 10:11,PC,1945
246,5/28/20 17:06,PC,1946
188,7/7/21 4:37,PC,1947
158,10/29/22 23:07,Mobile,1948
154,3/14/22 14:00,PC,1949
116,7/4/21 15:39,Mobile,1950
46,5/5/21 23:26,Mobile,1951
17,4/29/21 4:59,PC,1952
65,8/13/20 15:10,Mobile,1953
101,7/12/22 0:13,PC,1954
30,8/1/20 0:01,PC,1955
98,8/26/22 4:29,PC,1956
252,7/6/22 18:42,PC,1957
103,9/29/20 19:34,PC,1958
211,4/29/20 5:08,PC,1959
231,2/16/20 22:36,Mobile,1960
289,11/5/21 17:04,Mobile,1961
106,3/23/20 7:11,Mobile,1962
279,9/21/20 15:25,PC,1963
151,6/14/21 23:52,PC,1964
108,12/7/20 22:57,PC,1965
257,8/15/22 5:22,PC,1966
245,3/30/20 11:12,Mobile,1967
21,6/28/20 7:25,Mobile,1968
242,10/2/21 5:52,PC,1969
243,10/29/22 17:28,PC,1970
119,2/4/21 22:57,Mobile,1971
293,3/5/20 20:52,Mobile,1972
167,11/24/22 0:57,Mobile,1973
236,12/27/20 8:10,Mobile,1974
261,1/3/23 10:03,Mobile,1975
279,6/28/22 20:46,PC,1976
62,8/8/20 10:20,PC,1977
188,3/10/22 2:13,Mobile,1978
227,5/4/21 4:23,PC,1979
22,8/23/21 7:55,Mobile,1980
136,10/18/21 11:30,Mobile,1981
114,1/18/22 3:22,PC,1982
196,8/26/22 11:58,Mobile,1983
297,10/29/22 19:30,Mobile,1984
63,1/28/22 13:14,PC,1985
167,5/10/21 19:20,Mobile,1986
52,4/16/20 8:25,PC,1987
49,8/13/21 23:30,PC,1988
272,4/17/21 2:51,Mobile,1989
225,9/1/20 12:46,PC,1990
269,4/18/22 8:01,Mobile,1991
139,2/21/20 23:53,PC,1992
38,3/15/20 13:28,PC,1993
249,10/6/21 0:55,Mobile,1994
150,12/3/22 8:32,PC,1995
187,6/22/20 16:27,PC,1996
49,12/26/20 1:47,Mobile,1997
173,4/6/21 19:20,PC,1998
19,5/17/22 19:18,Mobile,1999
268,4/27/20 18:25,PC,2000
62,10/20/22 3:23,PC,2001
168,6/15/20 20:03,PC,2002
110,10/4/21 4:48,PC,2003
213,9/21/20 19:04,Mobile,2004
223,6/30/22 10:23,PC,2005
8,11/13/21 23:40,PC,2006
53,10/20/20 7:35,PC,2007
124,6/16/20 8:21,PC,2008
272,3/16/20 21:02,Mobile,2009
74,8/7/21 1:59,Mobile,2010
88,4/9/22 8:21,Mobile,2011
259,12/12/22 19:49,PC,2012
147,1/24/21 6:55,PC,2013
203,12/14/22 11:33,PC,2014
264,8/7/21 18:37,PC,2015
257,1/12/23 11:23,PC,2016
112,1/4/22 18:40,PC,2017
19,3/31/20 4:26,PC,2018
187,9/17/21 1:16,PC,2019
258,11/24/22 0:47,PC,2020
94,1/6/23 4:21,PC,2021
271,12/21/20 11:20,Mobile,2022
110,10/11/22 4:11,PC,2023
41,8/24/22 8:09,Mobile,2024
167,5/12/20 23:21,Mobile,2025
114,12/28/21 17:50,PC,2026
125,3/15/22 19:03,Mobile,2027
56,5/7/20 4:14,Mobile,2028
183,4/20/22 6:40,PC,2029
43,4/12/20 14:56,PC,2030
189,12/30/20 14:58,Mobile,2031
189,10/21/20 15:46,Mobile,2032
223,5/11/21 3:33,PC,2033
288,10/28/20 18:30,PC,2034
206,7/26/22 0:15,Mobile,2035
36,1/20/22 16:48,PC,2036
223,4/7/22 16:14,PC,2037
23,1/2/23 22:10,PC,2038
286,2/6/21 8:15,PC,2039
191,3/7/20 5:42,Mobile,2040
299,11/30/20 1:46,PC,2041
112,3/4/22 13:24,Mobile,2042
292,6/15/20 16:48,PC,2043
277,3/8/21 4:45,PC,2044
122,9/27/20 13:18,Mobile,2045
90,6/12/22 14:47,PC,2046
164,4/14/20 14:44,Mobile,2047
59,8/29/20 19:30,PC,2048
178,11/12/22 4:46,PC,2049
156,10/27/22 17:33,PC,2050
251,7/10/21 11:16,PC,2051
12,8/4/22 2:48,PC,2052
225,8/3/20 16:28,Mobile,2053
265,5/12/20 16:20,Mobile,2054
104,12/14/22 17:54,Mobile,2055
132,4/17/21 4:42,Mobile,2056
195,7/1/21 6:21,Mobile,2057
89,3/13/20 5:34,Mobile,2058
163,12/10/21 18:15,Mobile,2059
28,10/10/21 8:09,PC,2060
277,7/3/22 8:57,PC,2061
274,11/29/22 17:02,PC,2062
184,8/26/22 2:41,PC,2063
75,12/21/21 15:07,Mobile,2064
57,5/17/22 10:54,Mobile,2065
19,1/19/23 6:24,Mobile,2066
296,3/12/21 14:07,PC,2067
283,9/8/22 11:19,Mobile,2068
86,1/11/23 15:39,PC,2069
43,6/12/21 17:45,PC,2070
232,12/1/22 1:10,Mobile,2071
237,12/24/22 7:50,PC,2072
235,5/23/21 12:57,Mobile,2073
252,11/18/20 5:06,Mobile,2074
33,12/12/22 16:00,Mobile,2075
273,6/21/21 6:57,PC,2076
202,2/24/20 4:37,Mobile,2077
249,4/6/22 21:37,Mobile,2078
68,7/19/20 9:20,PC,2079
291,9/23/22 13:14,Mobile,2080
88,9/28/22 4:10,Mobile,2081
249,6/16/22 23:13,Mobile,2082
137,6/5/22 23:05,Mobile,2083
35,7/8/22 4:27,PC,2084
20,12/22/21 11:14,PC,2085
8,2/28/21 5:25,Mobile,2086
75,8/23/21 14:42,PC,2087
249,5/5/20 22:56,Mobile,2088
91,11/23/22 4:24,Mobile,2089
236,5/21/20 3:18,PC,2090
58,1/26/23 1:21,Mobile,2091
282,4/19/21 8:30,Mobile,2092
217,4/28/22 8:25,PC,2093
17,12/22/22 6:51,PC,2094
8,12/25/22 12:14,Mobile,2095
10,2/26/22 13:38,Mobile,2096
214,7/18/20 0:44,Mobile,2097
34,3/13/22 1:37,Mobile,2098
30,9/16/20 13:47,Mobile,2099
173,1/19/21 1:32,Mobile,2100
30,3/2/22 12:56,PC,2101
23,2/16/21 16:24,Mobile,2102
58,10/11/22 7:26,Mobile,2103
203,11/16/20 4:32,Mobile,2104
152,12/27/22 17:15,Mobile,2105
231,9/12/22 8:14,PC,2106
227,9/22/21 6:28,PC,2107
213,3/28/22 11:29,Mobile,2108
26,5/16/20 0:17,Mobile,2109
111,3/5/22 12:17,Mobile,2110
170,2/27/22 2:10,PC,2111
230,11/4/22 13:49,Mobile,2112
157,4/24/21 9:44,Mobile,2113
122,12/18/21 1:50,PC,2114
125,5/2/21 17:58,Mobile,2115
106,1/8/22 20:18,PC,2116
46,8/17/21 8:56,PC,2117
167,12/17/20 11:40,Mobile,2118
23,4/16/20 2:01,Mobile,2119
6,4/12/22 14:17,Mobile,2120
296,8/23/22 12:43,Mobile,2121
231,6/29/22 14:07,Mobile,2122
248,12/21/22 17:46,Mobile,2123
150,11/19/20 19:30,Mobile,2124
130,12/11/21 0:37,Mobile,2125
238,12/2/22 0:30,Mobile,2126
145,11/21/20 13:13,PC,2127
249,2/3/23 1:14,PC,2128
162,7/25/20 14:38,Mobile,2129
18,8/16/21 9:00,PC,2130
31,6/1/21 10:54,PC,2131
221,5/26/21 21:44,Mobile,2132
110,8/11/20 10:53,Mobile,2133
261,8/16/21 3:26,PC,2134
225,2/14/22 20:37,Mobile,2135
241,12/12/22 1:14,Mobile,2136
287,1/17/21 16:01,PC,2137
102,5/28/21 9:30,PC,2138
149,11/23/20 21:32,PC,2139
64,3/4/22 12:39,Mobile,2140
6,2/13/22 2:20,PC,2141
156,6/4/21 7:55,Mobile,2142
241,2/9/21 16:30,Mobile,2143
55,7/5/21 8:55,PC,2144
83,4/19/20 1:57,PC,2145
196,9/30/21 10:17,PC,2146
216,3/4/20 2:13,PC,2147
83,6/26/21 16:29,PC,2148
91,7/28/21 3:43,Mobile,2149
180,2/9/21 16:09,PC,2150
119,8/28/21 5:52,PC,2151
295,2/1/23 14:10,Mobile,2152
166,8/7/20 1:24,Mobile,2153
48,11/11/20 13:52,PC,2154
195,5/8/22 11:23,PC,2155
75,7/25/20 10:30,Mobile,2156
27,7/14/20 22:16,PC,2157
273,6/1/20 12:01,PC,2158
292,5/27/22 19:14,Mobile,2159
224,9/27/22 14:39,Mobile,2160
10,5/31/21 17:15,Mobile,2161
206,8/27/20 17:57,PC,2162
78,2/5/22 10:13,Mobile,2163
111,7/19/22 19:09,PC,2164
176,5/8/21 4:50,Mobile,2165
208,8/25/20 1:53,PC,2166
255,1/13/22 17:04,PC,2167
161,9/16/21 19:41,PC,2168
161,12/8/20 16:13,PC,2169
181,10/26/20 10:26,PC,2170
158,8/9/21 6:15,Mobile,2171
279,7/7/20 7:24,PC,2172
141,6/6/22 3:04,Mobile,2173
139,12/27/22 1:22,PC,2174
73,11/11/20 15:40,PC,2175
65,6/13/21 9:55,Mobile,2176
94,4/19/20 9:05,Mobile,2177
237,2/12/21 12:11,PC,2178
150,10/14/20 22:20,Mobile,2179
187,8/27/20 4:49,Mobile,2180
108,4/3/20 7:14,Mobile,2181
245,5/24/22 12:30,PC,2182
215,11/16/20 13:11,PC,2183
274,10/7/22 7:56,PC,2184
167,3/22/20 10:00,Mobile,2185
290,5/25/22 1:18,PC,2186
185,4/18/20 7:44,Mobile,2187
32,3/21/21 13:55,PC,2188
137,12/7/20 22:59,PC,2189
284,1/29/23 10:26,Mobile,2190
70,12/23/21 12:28,Mobile,2191
68,10/14/22 4:33,Mobile,2192
91,5/19/22 5:16,PC,2193
88,9/2/21 3:28,Mobile,2194
43,6/14/21 15:53,PC,2195
89,11/15/21 9:11,Mobile,2196
285,1/18/22 15:24,PC,2197
260,4/29/22 17:20,PC,2198
289,7/23/20 11:50,Mobile,2199
282,3/11/22 14:33,PC,2200
55,10/30/21 10:33,Mobile,2201
188,6/1/22 22:45,PC,2202
106,11/23/21 0:30,Mobile,2203
248,9/12/21 0:46,Mobile,2204
68,6/18/21 18:08,Mobile,2205
47,3/7/21 0:02,Mobile,2206
166,6/2/21 16:50,Mobile,2207
276,10/25/20 16:39,Mobile,2208
299,5/6/22 2:04,Mobile,2209
249,9/13/21 5:00,PC,2210
94,9/3/20 4:16,Mobile,2211
216,11/20/21 0:35,PC,2212
11,12/20/20 3:12,Mobile,2213
125,12/23/21 20:04,PC,2214
247,4/8/21 19:44,Mobile,2215
175,1/28/23 10:57,Mobile,2216
262,12/24/21 13:51,Mobile,2217
135,11/18/22 13:28,Mobile,2218
65,1/1/21 2:41,PC,2219
20,9/1/21 14:44,PC,2220
33,8/16/20 1:37,PC,2221
106,4/5/20 0:48,Mobile,2222
164,9/16/20 18:25,Mobile,2223
63,12/4/22 8:00,PC,2224
75,8/23/21 0:58,PC,2225
105,8/13/21 14:36,Mobile,2226
115,6/9/20 18:58,PC,2227
124,2/23/20 13:41,Mobile,2228
97,2/23/22 19:46,PC,2229
188,8/6/22 15:20,Mobile,2230
254,12/22/20 23:21,PC,2231
241,10/14/21 7:13,PC,2232
155,4/27/21 23:39,Mobile,2233
110,11/6/21 11:16,PC,2234
126,9/18/22 10:13,PC,2235
188,2/16/22 9:58,Mobile,2236
62,11/27/21 14:38,PC,2237
22,2/16/23 4:44,Mobile,2238
218,9/4/21 7:22,PC,2239
148,5/23/21 6:56,PC,2240
292,7/15/20 14:00,PC,2241
250,1/11/21 14:49,PC,2242
201,11/1/20 16:03,PC,2243
85,5/11/21 0:05,Mobile,2244
44,9/13/21 4:52,Mobile,2245
109,8/30/21 17:31,PC,2246
177,12/8/21 3:51,Mobile,2247
11,12/11/20 6:15,PC,2248
154,11/27/21 22:05,PC,2249
168,12/4/20 9:57,PC,2250
267,2/8/21 4:25,Mobile,2251
39,1/15/21 18:33,Mobile,2252
112,6/13/22 19:10,PC,2253
198,9/10/21 4:57,Mobile,2254
225,12/11/20 11:10,Mobile,2255
268,7/26/22 0:18,PC,2256
205,3/12/20 4:47,Mobile,2257
167,7/16/21 1:32,PC,2258
278,4/13/20 7:36,Mobile,2259
1,2/22/20 11:34,Mobile,2260
204,1/15/22 17:59,Mobile,2261
92,4/21/20 6:46,Mobile,2262
234,5/19/21 15:52,PC,2263
242,7/13/21 18:00,Mobile,2264
254,9/1/22 14:48,PC,2265
113,5/14/20 10:32,PC,2266
269,2/21/21 13:36,PC,2267
37,7/5/22 0:59,PC,2268
287,8/21/20 13:02,Mobile,2269
56,11/25/21 0:52,Mobile,2270
257,7/6/21 12:17,Mobile,2271
1,8/17/20 15:58,Mobile,2272
79,2/7/23 5:48,PC,2273
13,10/31/22 22:49,PC,2274
146,3/25/20 14:16,PC,2275
43,2/26/20 15:57,Mobile,2276
94,3/26/20 18:11,Mobile,2277
32,9/12/20 13:54,Mobile,2278
238,12/22/21 9:13,PC,2279
92,2/27/20 0:33,Mobile,2280
157,10/2/22 6:28,PC,2281
286,1/4/22 23:27,Mobile,2282
218,6/12/21 23:47,PC,2283
181,3/3/20 23:12,PC,2284
193,6/20/20 2:01,PC,2285
56,9/17/21 9:30,Mobile,2286
139,1/21/23 16:55,Mobile,2287
6,10/28/21 10:33,Mobile,2288
282,5/28/22 19:56,Mobile,2289
127,1/14/21 18:31,PC,2290
278,11/28/20 5:47,PC,2291
11,6/3/21 4:40,PC,2292
261,12/22/22 19:34,Mobile,2293
81,2/3/23 6:58,Mobile,2294
70,4/22/21 7:13,Mobile,2295
110,10/10/20 20:49,Mobile,2296
21,7/3/20 13:04,PC,2297
260,6/4/21 15:12,PC,2298
86,3/8/22 0:31,Mobile,2299
290,9/12/21 0:05,PC,2300
297,8/15/20 8:38,PC,2301
64,8/11/20 13:27,Mobile,2302
61,2/2/21 2:31,PC,2303
125,2/3/22 13:11,Mobile,2304
147,3/17/22 21:04,PC,2305
184,9/30/22 5:09,PC,2306
70,12/12/22 9:55,Mobile,2307
297,8/16/20 5:15,Mobile,2308
111,7/29/20 19:19,PC,2309
77,2/6/23 1:27,Mobile,2310
82,10/10/22 6:00,PC,2311
275,5/21/21 4:39,PC,2312
149,5/29/21 16:06,Mobile,2313
262,11/10/20 1:41,Mobile,2314
134,10/1/22 5:18,Mobile,2315
31,10/1/22 23:29,PC,2316
100,6/24/22 11:50,Mobile,2317
80,3/12/22 11:07,Mobile,2318
120,10/8/22 12:42,PC,2319
189,3/30/20 20:17,PC,2320
245,7/18/22 11:29,Mobile,2321
118,9/15/20 15:07,Mobile,2322
267,11/10/21 20:39,PC,2323
179,6/14/20 15:41,PC,2324
242,9/15/22 19:02,Mobile,2325
86,3/16/22 1:31,PC,2326
125,7/17/21 21:13,Mobile,2327
247,11/30/20 12:46,Mobile,2328
177,1/23/22 0:02,PC,2329
188,9/6/21 5:42,Mobile,2330
253,10/17/21 13:15,Mobile,2331
4,7/14/21 12:00,PC,2332
137,3/6/21 16:26,PC,2333
127,4/6/21 8:07,PC,2334
224,11/1/20 13:30,PC,2335
253,3/5/21 21:01,Mobile,2336
164,2/26/20 3:39,Mobile,2337
190,4/12/21 14:49,Mobile,2338
97,12/2/20 10:35,Mobile,2339
55,1/25/22 17:21,Mobile,2340
210,10/21/20 9:28,Mobile,2341
267,11/2/20 3:24,Mobile,2342
156,8/9/20 12:01,PC,2343
171,3/17/20 11:31,Mobile,2344
188,8/17/22 3:36,Mobile,2345
252,5/26/20 13:33,Mobile,2346
133,6/20/21 19:36,PC,2347
25,9/8/22 17:51,PC,2348
249,3/25/22 12:39,Mobile,2349
37,1/5/21 9:47,Mobile,2350
82,12/24/20 23:06,Mobile,2351
197,6/19/22 22:49,Mobile,2352
272,6/11/20 10:26,PC,2353
33,1/19/21 7:25,PC,2354
91,12/13/20 7:58,PC,2355
25,1/4/21 5:07,Mobile,2356
39,1/26/22 10:49,Mobile,2357
77,8/4/22 9:41,Mobile,2358
39,8/24/22 1:37,Mobile,2359
27,6/16/22 2:27,PC,2360
5,10/1/21 10:13,Mobile,2361
167,8/2/20 9:28,Mobile,2362
263,12/23/20 9:41,PC,2363
291,12/7/21 4:24,Mobile,2364
203,1/1/21 13:30,PC,2365
106,9/25/22 9:30,Mobile,2366
128,10/2/20 10:46,PC,2367
291,1/6/21 8:45,PC,2368
4,3/9/22 14:52,Mobile,2369
48,5/17/20 4:15,PC,2370
181,6/10/21 15:08,PC,2371
274,6/30/21 19:59,Mobile,2372
103,10/19/21 4:38,PC,2373
186,10/6/20 17:24,PC,2374
52,4/9/20 3:51,Mobile,2375
102,5/3/20 5:34,PC,2376
217,4/15/22 16:17,Mobile,2377
92,7/18/20 3:21,PC,2378
278,3/21/21 17:05,PC,2379
257,3/23/22 5:23,Mobile,2380
129,4/21/22 1:29,PC,2381
129,1/13/22 6:17,PC,2382
272,9/24/21 19:05,PC,2383
150,3/11/22 20:50,Mobile,2384
29,5/2/22 6:37,PC,2385
46,7/10/20 7:47,PC,2386
52,6/28/21 2:39,Mobile,2387
61,8/16/22 13:58,Mobile,2388
237,8/17/20 2:36,PC,2389
274,10/11/22 11:10,PC,2390
300,10/8/22 16:18,PC,2391
152,2/8/23 11:34,PC,2392
188,2/25/21 10:20,Mobile,2393
186,10/11/20 5:23,PC,2394
183,5/21/21 21:59,PC,2395
54,11/15/22 14:08,PC,2396
88,3/14/21 14:04,Mobile,2397
28,1/10/21 2:38,Mobile,2398
136,7/1/22 19:35,PC,2399
160,7/1/22 16:21,PC,2400
283,12/26/20 2:31,Mobile,2401
56,1/12/22 14:31,PC,2402
218,8/19/20 3:33,PC,2403
131,1/2/23 23:26,Mobile,2404
61,2/7/21 20:33,PC,2405
179,4/27/21 10:52,Mobile,2406
250,3/10/22 16:51,Mobile,2407
156,11/9/21 7:06,PC,2408
164,8/26/22 17:02,Mobile,2409
13,4/21/20 17:39,PC,2410
288,6/28/20 1:46,PC,2411
96,3/14/21 23:09,Mobile,2412
164,6/19/22 21:46,PC,2413
87,3/22/22 18:13,PC,2414
75,12/27/20 23:31,PC,2415
119,12/29/20 11:06,Mobile,2416
203,2/15/21 13:03,PC,2417
56,2/20/20 4:56,PC,2418
135,1/15/23 15:07,PC,2419
165,5/25/22 5:24,PC,2420
59,6/25/21 10:31,Mobile,2421
204,2/19/20 17:24,Mobile,2422
160,2/10/21 18:13,Mobile,2423
178,3/25/20 6:46,PC,2424
29,7/3/20 3:46,Mobile,2425
246,3/29/20 18:52,PC,2426
40,11/15/21 22:34,PC,2427
127,10/23/21 7:05,PC,2428
19,11/19/21 0:45,PC,2429
78,8/17/22 21:46,PC,2430
297,7/4/22 3:55,PC,2431
211,5/4/20 1:06,Mobile,2432
112,8/18/21 13:55,Mobile,2433
274,5/11/22 22:45,Mobile,2434
196,6/17/21 4:14,Mobile,2435
203,9/13/21 13:11,PC,2436
179,7/30/20 0:03,PC,2437
62,4/2/20 14:51,Mobile,2438
263,8/2/22 12:11,PC,2439
230,7/13/20 19:11,PC,2440
16,9/13/22 6:17,PC,2441
32,1/4/23 5:24,PC,2442
43,1/19/22 22:55,Mobile,2443
135,10/27/20 17:43,Mobile,2444
294,10/20/20 4:03,PC,2445
34,2/12/22 6:15,Mobile,2446
171,7/17/21 16:14,PC,2447
118,1/25/23 8:14,Mobile,2448
167,9/4/20 19:06,Mobile,2449
229,7/24/22 1:44,PC,2450
75,9/21/20 2:48,PC,2451
225,11/1/21 11:43,PC,2452
298,12/7/22 6:33,Mobile,2453
38,2/9/23 8:34,Mobile,2454
46,5/23/22 5:46,Mobile,2455
20,4/10/21 1:42,PC,2456
60,11/24/21 8:04,PC,2457
239,10/17/20 11:25,PC,2458
46,3/3/21 6:24,PC,2459
142,4/19/20 5:58,PC,2460
52,1/18/23 2:09,Mobile,2461
7,1/2/21 8:20,PC,2462
253,1/30/22 1:27,PC,2463
256,1/8/21 6:22,Mobile,2464
240,10/17/22 17:52,PC,2465
229,5/17/22 17:34,Mobile,2466
100,7/22/20 12:58,PC,2467
99,2/4/21 19:30,Mobile,2468
135,6/26/20 9:03,PC,2469
17,4/17/22 1:12,Mobile,2470
15,11/4/20 5:00,PC,2471
92,9/10/21 17:19,PC,2472
185,2/25/20 20:47,Mobile,2473
238,9/17/22 14:24,PC,2474
238,7/27/22 1:53,PC,2475
292,12/27/21 15:22,PC,2476
126,8/31/22 21:32,PC,2477
246,3/26/21 0:36,PC,2478
264,11/8/20 16:09,Mobile,2479
197,12/25/21 12:57,PC,2480
165,2/27/22 10:42,Mobile,2481
212,9/12/22 4:42,PC,2482
211,12/18/20 13:59,PC,2483
244,4/18/22 8:40,PC,2484
154,11/17/20 10:34,PC,2485
23,10/2/22 3:08,Mobile,2486
60,11/1/21 1:50,PC,2487
16,11/4/21 10:53,PC,2488
261,10/29/21 10:27,PC,2489
296,5/3/21 13:35,Mobile,2490
271,12/21/22 10:49,PC,2491
191,2/20/21 13:48,PC,2492
225,3/6/22 15:02,PC,2493
206,4/23/22 10:46,Mobile,2494
233,4/27/22 6:28,PC,2495
74,9/3/21 13:05,Mobile,2496
256,5/26/21 8:18,Mobile,2497
2,10/15/22 21:32,Mobile,2498
85,3/3/20 6:20,Mobile,2499
149,10/8/21 0:39,Mobile,2500
109,11/29/21 20:06,PC,2501
228,9/5/20 14:15,PC,2502
107,3/18/20 16:03,PC,2503
72,6/29/22 23:28,Mobile,2504
287,7/9/22 7:19,Mobile,2505
286,2/12/22 12:38,Mobile,2506
174,6/13/20 10:30,Mobile,2507
258,11/21/22 1:36,PC,2508
282,1/10/23 13:29,Mobile,2509
54,9/22/21 7:05,Mobile,2510
5,5/13/20 17:01,Mobile,2511
269,5/23/22 19:06,PC,2512
283,11/17/20 18:21,Mobile,2513
184,3/21/22 14:37,PC,2514
17,4/11/21 22:47,PC,2515
27,12/15/20 8:45,PC,2516
63,10/15/21 19:43,Mobile,2517
208,6/17/21 17:11,Mobile,2518
278,8/26/21 10:20,Mobile,2519
157,1/11/23 23:55,Mobile,2520
85,6/23/21 0:11,Mobile,2521
258,5/14/21 13:17,PC,2522
97,9/30/20 8:15,PC,2523
195,10/6/21 14:50,PC,2524
232,4/6/20 22:58,Mobile,2525
241,1/20/21 15:21,PC,2526
233,10/10/20 17:47,Mobile,2527
238,3/12/22 9:44,Mobile,2528
254,12/8/22 1:57,PC,2529
78,8/15/21 1:56,PC,2530
66,11/16/20 3:04,PC,2531
146,3/2/22 20:23,PC,2532
163,8/18/21 13:53,Mobile,2533
216,12/20/22 21:13,PC,2534
207,5/11/21 2:27,PC,2535
294,8/10/21 21:02,PC,2536
98,8/22/22 16:37,Mobile,2537
45,5/22/22 13:55,PC,2538
279,6/9/22 0:42,PC,2539
196,3/12/20 13:08,PC,2540
278,8/13/21 8:39,PC,2541
258,12/7/21 8:26,PC,2542
58,1/17/22 4:36,PC,2543
273,8/13/20 2:23,Mobile,2544
168,11/11/21 2:53,Mobile,2545
100,8/25/21 10:14,Mobile,2546
269,8/11/22 4:20,PC,2547
193,8/29/21 6:07,PC,2548
25,10/5/22 2:29,PC,2549
238,7/28/22 6:48,PC,2550
157,4/19/20 22:50,PC,2551
39,2/17/20 12:03,PC,2552
199,2/29/20 14:34,Mobile,2553
116,4/29/22 16:52,PC,2554
70,10/2/21 21:49,Mobile,2555
298,8/24/21 14:49,PC,2556
66,10/13/22 9:05,PC,2557
262,1/1/23 5:05,PC,2558
54,11/13/21 21:30,PC,2559
24,7/26/22 20:35,Mobile,2560
190,7/11/20 8:52,PC,2561
58,7/19/22 22:22,PC,2562
136,8/10/21 17:42,Mobile,2563
91,4/28/20 11:21,Mobile,2564
101,2/22/20 12:52,Mobile,2565
193,3/5/22 17:40,Mobile,2566
233,10/24/22 12:09,PC,2567
178,9/11/20 7:47,PC,2568
283,7/31/20 19:15,Mobile,2569
233,9/27/22 0:59,PC,2570
96,3/21/21 18:52,PC,2571
52,10/24/20 18:40,Mobile,2572
142,6/13/20 2:20,PC,2573
290,9/2/22 17:50,Mobile,2574
43,4/30/20 16:59,PC,2575
49,2/22/20 19:40,PC,2576
78,4/24/21 12:39,Mobile,2577
37,9/13/22 20:39,Mobile,2578
127,7/24/20 11:15,Mobile,2579
242,3/28/20 3:45,Mobile,2580
208,2/5/21 8:48,PC,2581
106,3/25/22 17:36,PC,2582
113,9/25/22 15:18,Mobile,2583
81,12/3/21 4:29,PC,2584
97,1/16/22 3:26,Mobile,2585
277,2/8/22 6:52,Mobile,2586
122,12/29/22 1:50,Mobile,2587
296,4/4/20 11:32,PC,2588
172,4/30/21 22:39,PC,2589
64,3/21/22 12:24,Mobile,2590
202,12/3/22 8:53,PC,2591
40,11/27/21 17:11,Mobile,2592
180,8/14/22 16:29,Mobile,2593
15,5/16/21 1:23,Mobile,2594
44,1/4/23 2:05,Mobile,2595
48,10/28/20 9:58,PC,2596
190,6/9/21 2:07,PC,2597
257,4/20/20 6:49,PC,2598
245,2/14/22 3:51,Mobile,2599
118,12/2/22 22:21,PC,2600
105,3/5/22 9:12,PC,2601
241,8/15/20 10:58,PC,2602
17,2/24/22 21:57,PC,2603
282,4/25/21 8:36,PC,2604
217,7/9/21 6:40,Mobile,2605
224,9/2/20 8:48,Mobile,2606
49,12/16/22 17:50,Mobile,2607
137,12/17/21 4:25,Mobile,2608
103,9/8/20 19:15,PC,2609
220,1/11/21 0:52,Mobile,2610
154,5/31/22 12:19,Mobile,2611
54,3/17/22 16:44,PC,2612
14,7/12/20 3:47,PC,2613
88,10/19/22 21:10,PC,2614
140,11/1/21 19:20,Mobile,2615
101,2/29/20 18:21,Mobile,2616
238,4/1/20 12:02,PC,2617
258,11/17/21 5:33,Mobile,2618
269,9/2/21 6:56,PC,2619
89,8/13/20 18:34,Mobile,2620
249,4/29/21 15:27,Mobile,2621
28,12/29/21 17:51,PC,2622
111,6/20/21 15:42,PC,2623
279,9/8/20 1:28,Mobile,2624
277,4/14/20 21:49,Mobile,2625
219,3/21/20 3:46,Mobile,2626
32,4/24/21 8:45,Mobile,2627
147,9/25/22 14:14,Mobile,2628
242,3/11/22 10:37,PC,2629
120,8/10/21 3:16,Mobile,2630
167,10/2/21 2:58,Mobile,2631
5,10/12/21 1:42,PC,2632
53,9/21/20 1:12,PC,2633
58,12/28/21 9:20,Mobile,2634
112,3/12/21 9:35,Mobile,2635
198,8/10/21 16:37,PC,2636
206,4/18/20 17:03,Mobile,2637
91,7/3/22 7:18,PC,2638
247,2/18/20 7:28,Mobile,2639
169,11/1/21 0:49,PC,2640
19,6/11/21 7:46,PC,2641
166,11/12/22 20:56,Mobile,2642
191,10/26/20 15:40,PC,2643
212,11/20/20 10:03,Mobile,2644
117,12/20/20 2:32,PC,2645
41,5/20/22 16:50,PC,2646
271,11/19/22 5:17,PC,2647
202,5/30/21 5:35,PC,2648
197,12/31/21 18:00,Mobile,2649
141,9/15/21 13:29,PC,2650
77,11/21/22 12:20,PC,2651
151,3/20/21 6:28,PC,2652
31,8/11/21 7:39,PC,2653
21,2/18/22 16:29,Mobile,2654
87,12/28/21 6:03,PC,2655
137,4/8/22 22:48,PC,2656
34,1/19/23 21:50,Mobile,2657
201,8/31/22 7:36,Mobile,2658
62,3/18/20 23:40,PC,2659
188,8/31/22 0:23,Mobile,2660
52,9/30/21 12:06,Mobile,2661
208,3/11/21 6:49,PC,2662
23,11/1/21 12:01,PC,2663
184,3/17/22 1:46,PC,2664
20,12/23/22 23:01,PC,2665
44,8/3/22 9:09,PC,2666
190,4/8/20 13:01,PC,2667
147,11/22/22 17:00,PC,2668
142,12/14/21 16:47,Mobile,2669
18,4/1/21 1:23,PC,2670
154,5/26/22 12:12,PC,2671
286,2/28/22 21:35,Mobile,2672
159,10/9/20 10:44,Mobile,2673
273,9/19/20 9:00,Mobile,2674
85,12/2/21 23:01,PC,2675
298,1/10/23 20:50,Mobile,2676
104,3/24/22 7:08,Mobile,2677
26,10/16/21 20:16,PC,2678
82,3/24/22 20:17,Mobile,2679
261,5/30/22 1:54,Mobile,2680
174,10/12/20 16:10,Mobile,2681
90,9/18/20 6:20,PC,2682
86,1/22/21 9:50,PC,2683
257,11/27/21 1:08,PC,2684
188,11/19/22 18:25,Mobile,2685
137,6/18/21 17:43,PC,2686
13,12/11/21 11:11,PC,2687
83,11/28/20 7:53,PC,2688
231,9/4/22 11:13,Mobile,2689
227,5/26/20 18:29,Mobile,2690
225,7/2/21 18:50,PC,2691
58,8/18/22 3:30,PC,2692
254,8/1/21 15:51,PC,2693
291,8/21/22 5:14,PC,2694
196,8/3/20 12:57,Mobile,2695
28,6/12/22 20:31,Mobile,2696
274,11/30/20 19:15,Mobile,2697
204,5/17/21 4:31,Mobile,2698
6,10/28/21 20:39,PC,2699
269,1/11/22 5:25,Mobile,2700
263,4/26/22 20:26,PC,2701
84,5/20/22 19:22,Mobile,2702
247,9/11/22 3:37,PC,2703
222,12/5/22 11:08,PC,2704
246,10/2/21 17:49,PC,2705
141,12/11/20 9:18,Mobile,2706
196,2/13/23 8:10,Mobile,2707
126,8/18/20 3:19,Mobile,2708
157,1/9/21 16:59,PC,2709
46,8/28/22 22:49,PC,2710
273,8/3/22 20:26,Mobile,2711
243,3/5/22 2:50,Mobile,2712
93,4/3/21 10:48,PC,2713
186,12/1/20 1:17,Mobile,2714
154,1/13/23 6:48,Mobile,2715
32,2/8/21 17:14,PC,2716
15,6/22/20 2:09,Mobile,2717
150,1/28/23 8:56,PC,2718
64,10/24/20 20:13,PC,2719
14,8/25/21 14:01,Mobile,2720
112,3/15/20 13:02,Mobile,2721
243,1/22/22 7:06,Mobile,2722
168,12/22/21 3:18,PC,2723
216,12/28/21 3:02,Mobile,2724
273,7/20/20 23:11,PC,2725
31,12/5/21 14:49,PC,2726
182,4/19/21 10:49,PC,2727
245,2/21/20 20:03,PC,2728
251,3/7/21 10:05,Mobile,2729
17,7/8/20 16:57,PC,2730
226,8/20/20 14:42,Mobile,2731
271,5/19/21 18:26,PC,2732
196,12/5/21 19:34,PC,2733
225,10/3/20 13:57,PC,2734
159,8/21/22 4:19,Mobile,2735
24,9/3/22 23:51,PC,2736
277,12/31/20 2:15,PC,2737
279,7/21/20 1:07,Mobile,2738
197,3/18/21 16:15,PC,2739
54,1/12/22 14:47,Mobile,2740
265,1/14/22 14:03,Mobile,2741
255,6/27/20 1:50,PC,2742
38,10/8/21 15:25,PC,2743
44,11/28/22 4:52,PC,2744
256,2/17/22 21:50,PC,2745
67,3/15/22 22:54,Mobile,2746
89,5/12/21 4:38,PC,2747
55,8/6/22 5:35,Mobile,2748
80,10/4/22 14:04,Mobile,2749
237,3/15/22 18:28,Mobile,2750
155,5/15/21 20:22,PC,2751
8,1/11/21 4:44,Mobile,2752
281,6/4/20 9:57,PC,2753
142,2/25/21 21:41,PC,2754
47,10/29/21 6:45,Mobile,2755
266,5/9/22 8:44,PC,2756
7,6/16/22 10:43,PC,2757
235,7/12/22 7:58,Mobile,2758
68,10/17/21 1:52,Mobile,2759
103,5/23/20 12:59,PC,2760
185,1/17/23 15:15,PC,2761
11,6/18/22 3:22,Mobile,2762
18,7/11/22 4:20,Mobile,2763
83,6/19/22 17:13,Mobile,2764
136,12/9/22 5:33,Mobile,2765
137,10/11/21 6:32,PC,2766
220,4/8/20 19:31,Mobile,2767
114,6/17/20 5:52,Mobile,2768
211,10/15/21 22:07,Mobile,2769
214,3/3/20 9:47,PC,2770
193,3/5/20 14:38,PC,2771
279,8/30/21 15:19,Mobile,2772
58,6/13/20 7:10,PC,2773
233,1/24/23 15:22,PC,2774
251,2/25/20 20:04,Mobile,2775
273,3/21/20 13:33,PC,2776
269,11/18/20 8:29,Mobile,2777
88,1/30/21 15:09,Mobile,2778
258,11/1/20 19:18,Mobile,2779
273,2/11/21 10:25,Mobile,2780
178,5/29/21 8:53,PC,2781
241,4/27/20 21:18,Mobile,2782
107,6/28/21 7:34,PC,2783
54,2/21/22 10:35,Mobile,2784
9,12/25/21 17:47,Mobile,2785
239,6/18/22 0:39,PC,2786
234,4/28/21 14:13,PC,2787
107,11/16/22 16:15,PC,2788
158,11/3/20 16:31,Mobile,2789
297,9/6/20 20:36,PC,2790
35,8/9/22 17:00,PC,2791
82,10/16/21 14:04,Mobile,2792
183,9/28/22 5:48,PC,2793
109,7/10/22 19:19,PC,2794
67,6/18/20 6:23,PC,2795
235,3/21/20 19:45,Mobile,2796
80,2/12/23 15:05,Mobile,2797
188,9/29/22 6:49,PC,2798
192,1/13/23 1:04,PC,2799
151,8/5/20 1:21,Mobile,2800
20,11/13/22 4:02,PC,2801
88,9/25/20 19:33,Mobile,2802
43,12/21/20 6:32,Mobile,2803
254,11/10/22 18:56,Mobile,2804
107,12/24/20 19:16,Mobile,2805
110,12/22/21 12:21,PC,2806
212,8/12/21 10:15,Mobile,2807
150,9/8/21 20:11,Mobile,2808
102,7/1/20 15:55,Mobile,2809
114,6/5/21 19:46,PC,2810
230,11/5/21 14:05,PC,2811
256,11/16/21 5:22,Mobile,2812
63,10/6/20 8:57,PC,2813
121,9/5/21 12:37,Mobile,2814
46,6/14/21 9:14,PC,2815
142,10/1/21 11:02,PC,2816
179,2/2/23 15:51,Mobile,2817
101,11/9/21 15:26,PC,2818
60,7/5/21 6:41,PC,2819
283,11/13/21 13:56,PC,2820
47,3/17/21 14:36,Mobile,2821
13,5/21/21 5:44,Mobile,2822
231,7/13/22 20:52,Mobile,2823
58,1/27/22 0:57,Mobile,2824
237,9/23/22 7:47,PC,2825
252,12/21/20 5:24,PC,2826
133,8/23/20 21:48,Mobile,2827
288,11/30/22 11:33,Mobile,2828
207,8/14/22 20:45,PC,2829
121,9/19/22 12:35,PC,2830
238,10/17/22 1:49,Mobile,2831
161,10/22/20 11:00,PC,2832
260,10/4/21 20:53,PC,2833
60,12/3/21 9:52,Mobile,2834
265,9/24/21 15:38,Mobile,2835
272,3/10/22 19:07,PC,2836
228,3/18/21 23:31,PC,2837
279,3/27/21 10:13,Mobile,2838
154,5/31/20 8:56,PC,2839
143,3/14/21 3:28,Mobile,2840
289,10/11/22 22:28,PC,2841
54,7/3/21 23:47,Mobile,2842
53,1/19/21 6:53,Mobile,2843
168,3/12/22 5:59,PC,2844
121,7/16/20 20:57,Mobile,2845
25,7/7/21 23:11,Mobile,2846
300,1/6/21 14:19,PC,2847
150,5/12/20 6:46,PC,2848
18,5/29/22 10:20,Mobile,2849
278,10/5/21 10:33,PC,2850
144,12/5/20 22:51,PC,2851
69,5/3/20 0:23,PC,2852
44,12/17/22 21:40,Mobile,2853
186,6/29/22 10:59,Mobile,2854
1,1/8/22 16:13,Mobile,2855
204,2/26/22 18:00,Mobile,2856
257,6/28/22 18:02,PC,2857
90,1/18/22 7:41,PC,2858
159,9/14/21 1:58,PC,2859
250,6/7/20 9:21,Mobile,2860
78,10/31/20 21:51,PC,2861
238,2/27/21 4:41,PC,2862
284,9/24/21 3:12,PC,2863
111,10/1/20 21:55,PC,2864
253,3/23/21 14:02,Mobile,2865
169,4/9/20 2:44,Mobile,2866
247,6/4/22 15:11,Mobile,2867
125,7/22/20 19:02,PC,2868
39,10/15/22 20:10,Mobile,2869
122,10/10/21 9:35,Mobile,2870
35,10/31/21 19:58,Mobile,2871
107,5/1/22 0:29,Mobile,2872
95,11/25/21 13:20,PC,2873
110,5/18/21 19:21,Mobile,2874
295,4/4/22 17:30,PC,2875
243,3/2/20 5:38,PC,2876
153,12/17/20 14:49,PC,2877
255,1/14/21 19:47,PC,2878
274,10/24/22 4:06,PC,2879
269,6/21/20 17:45,Mobile,2880
243,9/12/20 8:01,PC,2881
221,1/19/22 4:27,PC,2882
70,4/6/22 8:19,Mobile,2883
32,6/26/21 11:56,Mobile,2884
85,10/22/22 16:26,PC,2885
277,7/20/21 15:18,Mobile,2886
207,1/27/21 10:17,Mobile,2887
69,11/5/22 22:39,PC,2888
285,1/13/21 22:36,Mobile,2889
204,5/22/20 12:53,PC,2890
140,10/3/22 14:48,Mobile,2891
291,9/14/22 5:39,PC,2892
77,9/15/21 19:18,Mobile,2893
40,4/17/22 13:47,Mobile,2894
188,1/3/22 1:36,PC,2895
184,9/26/20 18:48,PC,2896
175,6/16/20 19:53,PC,2897
26,9/13/21 4:29,Mobile,2898
29,1/3/21 12:54,PC,2899
26,7/30/20 13:54,PC,2900
286,9/11/20 21:57,Mobile,2901
9,3/22/20 13:22,Mobile,2902
223,12/2/21 4:36,PC,2903
246,2/10/21 5:43,Mobile,2904
152,3/21/22 22:50,Mobile,2905
160,8/25/21 15:04,Mobile,2906
209,4/16/22 5:36,PC,2907
90,1/14/21 2:19,PC,2908
152,5/14/20 10:20,PC,2909
286,1/29/22 19:08,Mobile,2910
268,5/22/20 3:02,PC,2911
79,10/9/22 10:28,Mobile,2912
170,6/14/22 7:22,PC,2913
94,2/8/21 15:17,Mobile,2914
179,2/20/20 22:10,PC,2915
275,5/24/22 23:04,Mobile,2916
112,10/22/22 12:08,Mobile,2917
139,6/17/21 18:46,Mobile,2918
122,4/9/22 17:52,PC,2919
250,9/12/22 15:00,Mobile,2920
170,8/19/20 9:02,PC,2921
9,11/20/22 15:16,PC,2922
101,6/18/21 4:36,Mobile,2923
64,2/2/23 17:41,PC,2924
125,6/16/22 9:25,PC,2925
217,8/7/22 4:03,Mobile,2926
212,11/28/21 16:57,PC,2927
171,1/21/23 13:32,PC,2928
237,2/8/21 2:55,Mobile,2929
125,4/9/21 4:55,PC,2930
178,12/14/22 20:08,PC,2931
261,2/25/21 17:56,Mobile,2932
289,2/7/23 9:00,Mobile,2933
170,9/27/22 4:54,PC,2934
158,2/23/21 2:42,Mobile,2935
30,12/18/22 7:37,PC,2936
58,3/2/22 10:34,PC,2937
220,9/13/20 6:14,Mobile,2938
241,10/26/20 11:58,Mobile,2939
194,4/18/21 17:00,PC,2940
299,12/16/22 10:42,Mobile,2941
295,4/19/20 17:25,PC,2942
123,11/30/22 3:25,PC,2943
95,3/30/22 8:09,Mobile,2944
239,9/16/22 16:57,PC,2945
150,6/18/22 17:44,PC,2946
239,3/5/22 17:15,PC,2947
176,1/21/21 6:08,Mobile,2948
215,7/30/22 5:10,PC,2949
98,8/28/22 16:34,PC,2950
172,1/10/22 11:00,Mobile,2951
275,5/10/22 21:40,Mobile,2952
226,10/12/21 22:09,PC,2953
164,10/25/22 13:08,PC,2954
177,12/8/22 13:36,PC,2955
26,8/23/20 2:56,PC,2956
81,4/4/20 22:22,Mobile,2957
218,2/6/21 14:40,PC,2958
282,12/7/21 12:04,Mobile,2959
27,1/15/22 12:10,PC,2960
170,3/17/21 11:40,Mobile,2961
27,2/15/22 22:06,PC,2962
155,1/2/22 1:14,PC,2963
72,2/25/21 21:56,PC,2964
227,5/9/20 8:39,Mobile,2965
181,10/2/20 2:19,PC,2966
262,9/9/22 11:12,PC,2967
297,6/1/21 1:40,PC,2968
4,9/10/22 4:00,Mobile,2969
57,7/30/21 2:24,PC,2970
171,1/5/21 10:46,Mobile,2971
61,9/18/21 8:05,PC,2972
96,10/5/20 20:45,Mobile,2973
180,1/31/22 18:23,PC,2974
246,12/17/22 16:10,Mobile,2975
213,5/31/22 19:37,Mobile,2976
275,8/12/20 2:35,Mobile,2977
174,11/7/21 23:29,PC,2978
220,9/13/22 21:20,PC,2979
1,1/25/21 0:23,PC,2980
8,3/5/22 4:21,PC,2981
78,7/24/20 10:08,Mobile,2982
20,2/16/22 23:55,Mobile,2983
113,3/23/21 8:55,Mobile,2984
80,6/27/22 13:57,PC,2985
75,10/11/20 19:39,Mobile,2986
17,2/6/22 11:11,Mobile,2987
125,11/16/22 14:19,Mobile,2988
156,10/11/21 20:51,PC,2989
31,9/25/22 19:56,Mobile,2990
282,6/17/22 18:43,PC,2991
117,12/8/20 23:36,Mobile,2992
88,8/26/22 16:57,PC,2993
46,7/3/20 9:02,Mobile,2994
124,9/21/21 20:58,Mobile,2995
155,11/17/20 9:48,Mobile,2996
211,5/18/20 9:54,Mobile,2997
104,11/25/22 21:27,PC,2998
212,9/30/20 1:18,PC,2999
251,3/21/20 23:17,Mobile,3000